-- phpMyAdmin SQL Dump
-- version 4.5.1
-- http://www.phpmyadmin.net
--
-- Host: 127.0.0.1
-- Erstellungszeit: 07. Feb 2017 um 13:19
-- Server-Version: 10.1.16-MariaDB
-- PHP-Version: 5.6.24

SET SQL_MODE = "NO_AUTO_VALUE_ON_ZERO";
SET time_zone = "+00:00";


/*!40101 SET @OLD_CHARACTER_SET_CLIENT=@@CHARACTER_SET_CLIENT */;
/*!40101 SET @OLD_CHARACTER_SET_RESULTS=@@CHARACTER_SET_RESULTS */;
/*!40101 SET @OLD_COLLATION_CONNECTION=@@COLLATION_CONNECTION */;
/*!40101 SET NAMES utf8mb4 */;

--
-- Datenbank: `cms-projekt`
--
DROP DATABASE IF EXISTS`cms-projekt`;
CREATE DATABASE IF NOT EXISTS `cms-projekt` DEFAULT CHARACTER SET utf8 COLLATE utf8_general_ci;
USE `cms-projekt`;

--
-- User fuer Webanwendung
--
DROP USER IF EXISTS cms@localhost;
CREATE USER IF NOT EXISTS cms@localhost IDENTIFIED BY 'pleasechange';
GRANT SELECT, INSERT, UPDATE, DELETE ON *.* TO 'cms'@'localhost' IDENTIFIED BY 'pleasechange';
-- -----------------------------------

--
-- Tabellenstruktur für Tabelle `article`
--

CREATE TABLE `article` (
  `id` int(11) NOT NULL,
  `header` varchar(255) NOT NULL,
  `content` text NOT NULL,
  `publicationdate` date NOT NULL,
  `page_id` int(11) NOT NULL,
  `author` int(11) NOT NULL,
  `type` varchar(255) NOT NULL,
  `public` tinyint(1) NOT NULL DEFAULT '0',
  `description` varchar(500) NOT NULL
) ENGINE=InnoDB DEFAULT CHARSET=utf8;

--
-- Daten für Tabelle `article`
--

INSERT INTO `article` (`id`, `header`, `content`, `publicationdate`, `page_id`, `author`, `type`, `public`, `description`) VALUES
(1, 'Schaufel - eine lange Geschichte', 'Eine Schaufel (ahd. Scuvala; mhd. Schuvel), umgangssprachlich in Nord- und Mitteldeutschland auch Schippe oder Schüppe, im Rheinland auch Schöppe, ist ein Werkzeug zum Aufnehmen und Fortschaffen von Lockermaterialien (beispielsweise Erde, Sand oder Schüttgut). Die Vorläufer der Schaufeln sind die seit dem Neolithikum bekannten Grabstöcke. Diese waren zuerst einfache Stöcke, die aber je nach Einsatzzweck auch ein ausgeschnitztes Blatt oder Schultern aufwiesen. Mit Aufkommen von Metallen wurden zunächst nur die Schnittkanten des Schaufelblattes mit Metall verstärkt, bis schließlich mit zunehmender Verbreitung, vor allem des Eisens, die Schaufelblätter ganz aus Eisen gefertigt wurden. Schaufeln mit eisenverstärktem Holzblatt fanden beim Torfstich noch bis in das 20. Jahrhundert Verwendung.', '2016-12-22', 1, 2, 'Blog', 1, 'Schaufel'),
(2, 'Besen', 'Bei einem Besen oder Feger handelt es sich um einen Gebrauchsgegenstand zum Zusammenkehren von Schmutz und Unrat von Böden. Man unterscheidet zwischen großen und kleinen Besen für den Haushalt und die Straße und maschinell eingesetzten Besen.\r\nEin großer Besen besteht meist aus einem langen Besenstiel, einem Querholz, dem so genannten Riegel, und den Borsten aus Tierhaaren, Pflanzenfasern oder Kunststoff. Der Rutenbesen oder Reisigbesen (regional auch Riedelbesen) ist eine einfachere Besenform, die früher ggf. von einem Besenbinder hergestellt wurde und recht verbreitet war, besitzt keinen Riegel. Stattdessen wird ein Bündel Reisig oder Stroh mit Schnur oder Draht direkt am hölzernen Stiel befestigt. Bei Verwendung von Birkenzweigen ähnelt der Rutenbesen einer großen Birkenrute mit Holzstiel.', '2016-12-22', 4, 9, 'Blog', 1, 'Besen'),
(3, 'Hammer', 'Ein Hammer ist ein händisch oder maschinell angetriebenes Werkzeug, das unter Nutzung seiner beschleunigten Masse (meist) schwere Schläge auf Körper ausübt. Bei von Hand geführten Hämmern wird dieser je nach seiner Masse und genutzter Stiellänge nach dem Heben (Ausholen) aus dem Hand-, Ellbogen- oder Schultergelenk – oder bei beidhändigem Halten aus dem Oberkörper – heraus beschleunigt.\r\nDer Hammer gehört in einer stiellosen Variante als Faustkeil (aus bearbeitetem Stein mit einem nachgewiesenen Alter von 1,75 Millionen Jahren) wahrscheinlich zu den ältesten Werkzeugen der Menschheit.', '2016-12-18', 7, 8, 'Blog', 1, 'Hammer'),
(4, 'Schraubenzieher', 'Ein Hammer ist ein händisch oder maschinell angetriebenes Werkzeug, das unter Nutzung seiner beschleunigten Masse (meist) schwere Schläge auf Körper ausübt. Bei von Hand geführten Hämmern wird dieser je nach seiner Masse und genutzter Stiellänge nach dem Heben (Ausholen) aus dem Hand-, Ellbogen- oder Schultergelenk – oder bei beidhändigem Halten aus dem Oberkörper – heraus beschleunigt.\r\nDer Hammer gehört in einer stiellosen Variante als Faustkeil (aus bearbeitetem Stein mit einem nachgewiesenen Alter von 1,75 Millionen Jahren) wahrscheinlich zu den ältesten Werkzeugen der Menschheit.', '2016-06-13', 7, 9, 'Blog', 1, 'Schraubenzieher'),
(6, 'Italien', 'Italien (amtlich Italienische Republik; italienisch Repubblica Italiana, Kurzform Italia) ist eine parlamentarische Republik in Südeuropa; seine Hauptstadt ist Rom. Das italienische Staatsgebiet liegt zum größten Teil auf der vom Mittelmeer umschlossenen Apennin­halbinsel und der Po-Ebene sowie im südlichen Gebirgsteil der Alpen. Der Staat grenzt an Frankreich, die Schweiz, Österreich und Slowenien. Die Kleinstaaten Vatikanstadt und San Marino sind vollständig vom italienischen Staatsgebiet umschlossen. Neben den großen Inseln Sizilien und Sardinien sind mehrere Inselgruppen vorgelagert.\r\nItalien ist Gründungsmitglied der Europäischen Wirtschaftsgemeinschaft (EWG), Vorläuferorganisation der heutigen Europäischen Union und des Europarates sowie der Europäischen Gemeinschaft für Kohle und Stahl (EGKS) und der Europäischen Atomgemeinschaft (EURATOM). Das Land ist Mitglied der Vereinten Nationen (UNO), der Organisation für wirtschaftliche Zusammenarbeit und Entwicklung (OECD), der NATO, der G7 und der G20.', '2015-08-22', 8, 5, 'Blog', 1, 'Italien'),
(7, 'Frankreich', 'Frankreich (amtlich Französische Republik, französisch République française [?e.py.?blik f???.?s?z], Kurzform  Audio-Datei / Hörbeispiel (la) France?/i [f???s]) ist ein demokratischer, interkontinentaler Einheitsstaat in Westeuropa mit Überseeinseln und -gebieten auf mehreren Kontinenten. Metropolitan-Frankreich, d. h. der europäische Teil des Staatsgebietes, erstreckt sich vom Mittelmeer bis zum Ärmelkanal und zur Nordsee sowie vom Rhein bis zum Atlantischen Ozean. Sein Festland wird wegen seiner Landesform als Hexagone (dt: Sechseck) bezeichnet. Frankreich ist flächenmäßig das größte Land der Europäischen Union und verfügt (nach Russland und der Ukraine) über das drittgrößte Staatsgebiet in Europa. Die Métropole Paris ist die Hauptstadt und mit der Île-de-France größter Ballungsraum des Landes, vor Lyon, Marseille, Toulouse und Lille.', '2014-07-16', 4, 6, 'Blog', 0, 'Frankreich'),
(8, 'München', 'Minga ist die Landeshauptstadt des Freistaates Bayern. Sie ist mit rund 1,5 Millionen Einwohnern die einwohnerstärkste Stadt Bayerns und (nach Berlin und Hamburg) die nach Einwohnern drittgrößte Gemeinde Deutschlands sowie die zwölftgrößte der Europäischen Union. Im Ballungsraum München leben mehr als 2,7 Millionen Menschen;[3] die flächengrößere europäische Metropolregion München umfasst rund 5,7 Millionen Einwohner.\r\nDie Landeshauptstadt ist eine kreisfreie Stadt und ein bayerisches Oberzentrum, zudem Verwaltungssitz des die Stadt umgebenden gleichnamigen Landkreises mit dem Landratsamt München als Verwaltung, des Bezirks Oberbayern und des Regierungsbezirks Oberbayern.', '2013-12-19', 3, 5, 'Blog', 0, 'München'),
(9, 'Hallo', 'Hallo ist im Deutschen ein mündlicher oder schriftlicher, nicht förmlicher Gruß, insbesondere unter Bekannten oder Freunden. Als Interjektion wird der Ausdruck auch ähnlich dem veralteten Anruf „Heda!“ gebraucht, um auf sich aufmerksam zu machen: „Hallo, ist da jemand?“ Eine weitere Interjektion – „Aber hallo!“ – hat die Bedeutung einer Bekräftigung (etwa: „Da hast du sowas von Recht!“) oder auch eines Widersprechens (etwa: „Da übersiehst du etwas Wesentliches!“). Seit einigen Jahren vermehrt aufgekommen ist der Gebrauch als Frage „Hallo?“ mit abweichender Betonung, um jemanden zur Besinnung zu rufen.\r\nWesentlich für die jeweilige Bedeutung ist die gewählte Betonung, Mimik und Gestik des Sprechenden.\r\nVon dem Ausruf leitet sich die substantivierte, im Gegensatz zu den anderen Formen auf der zweiten Silbe betonte Form „ein Hallo“ ab, die ein (fröhliches) lärmendes Durcheinander bezeichnet („Er wurde mit großem Hallo empfangen.“).', '1993-12-08', 7, 2, 'Blog', 0, 'Hallo - Grußformel'),
(10, 'Pferd', 'Die Pferde (mittellat. paraveredus abgeleitet von keltisch-spätlat. veredus „Kurierpferd“)[1] (Equus) sind die einzige rezente Gattung der Familie Equidae. Arten anderer Gattungen dieser Familie sind nur als Fossilien erhalten.\r\nZur Gattung Equus gehören die Tiere, die als Pferde, Esel und Zebras bezeichnet werden. Die Abgrenzung der Arten ist bis heute umstritten. Insgesamt werden meist sieben Arten unterschieden, von denen die meisten in ihrem Bestand gefährdet sind. Das Hauspferd und der Hausesel, die domestizierten Formen des Wildpferds respektive des Afrikanischen Esels, spielen als Last- und Reittier eine wichtige Rolle und sind weltweit verbreitet.', '1887-12-08', 6, 3, 'Blog', 0, 'Pferde - Pferdl'),
(11, 'Fertig', '<p>Mein Artikel</p>', '2017-01-05', 10, 1, 'Blog', 1, 'Bloggi'),
(12, 'Giraffe', '<p><font face="Comic Sans MS">Die <b>Giraffen</b> (<i>Giraffa</i>) sind eine Gattung der <a href="https://de.wikipedia.org/wiki/S%C3%A4ugetiere" title="Säugetiere">Säugetiere</a> aus der Ordnung der <a href="https://de.wikipedia.org/wiki/Paarhufer" title="Paarhufer">Paarhufer</a>. Ursprünglich wurden ihr mit <i>Giraffa camelopardalis</i> und der Trivialbezeichnung „Giraffe“ nur eine einzige Art zugewiesen. <a href="https://de.wikipedia.org/wiki/Molekulargenetik" class="mw-redirect" title="Molekulargenetik">Molekulargenetische</a> Untersuchungen aus dem Jahr 2016 zeigen jedoch, dass die Gattung wenigstens vier Arten mit sieben eigenständigen <a href="javascript:void(0)" title="Population (Biologie)">Populationen</a> umfasst. Die Giraffen stellen die höchsten landlebenden Tiere der Welt. Zur Unterscheidung vom verwandten <a href="https://de.wikipedia.org/wiki/Okapi" title="Okapi">Okapi</a> (sogenannte „Waldgiraffe“) werden sie auch als Steppengiraffen bezeichnet. </font></p><p>Siehe Wikipedia4</p><p><br></p><p><img style="width: 784px;" src="data:image/png;base64,iVBORw0KGgoAAAANSUhEUgAAAxAAAAJhCAYAAADR8FYtAAAAAXNSR0IArs4c6QAAAARnQU1BAACxjwv8YQUAAAAJcEhZcwAADsMAAA7DAcdvqGQAAGJuSURBVHhe7d3tjuTKeeD5vJ3OS5i9i0LXDcxi9hZmgQa6crw3MATc9hfDGLosqFIGPGt+82jcxzvUWB65bVnNtqSRPV7L05q2tNaLfWzo4OAcx/KJYJARwYhg5GtlZf8J/JCVDL4EmczM5+HDLK7ev3+vYppqozYbUas20r4vGX784x8rtVqpTz/9dJH0QU/fD//yxT/7uhu12t4H4+/V7asXwbiSNgAAAABLoglE11SqajrzvK3Vpm5n0+zLJgO7JBB2CDt/9+qZuvswPd92kkxMSYJ5vtwGAAAAoEw0gWjrSjXd9LypjleFkOEoFYhI9WG7XanVZrJ+/aaoDQAAAECZsgrExk8oDnGsCsR261cfRpJYpBKEXBsAAACARYnfQLSq1r9/EH0yUR0vgZDBrUCYdcTZ9lkF4sMLtZ799mEYv7lR2/7v8PKmbBsAAACAIskfUbuOeQnTMSoQyeoDAAAAgJNaTCC8y5mOQAa3ArFkVoGQSgL/SQkAAAB4FMnfQNjLiDZVM2s/xKEVCPkx9G0X3xgAAAAAp1V0CdMxybB3BYLqAwAAAPCozp5AuBWImLHy4bBDbAMAAAAAnM/jVSAijzqJ6IdUe2wDAAAAAJzPo1Ugoo99ApFqlyG2AQAAAADOhwoEAAAAgGJUIAAAAAAUowIBAAAAoBgVCAAAAADFqEAAAAAAKLbabGrVRgL9trb3YYi37yuVHOjH4grEvbrd6YZy/fSbVb+xju19ZLojkxvfbW7UNtY2kDtrrxamOZW7V/26P+Ib85l9/3j7/ywKjkHXYx6Pe9lx+4roZdpjY6XWr9/EpzuHU2zfvi5pv5zbBbwOT+69CeCqrZpqniB0TaU2dWuet7Wqms5rP4QMySShoAKx7STwnxII8zy+cR75AnCSBvkwvu2CaR7J3avH+lLYNRFzBPvz5E64vsfb/48osz9Psj/2ff3OfZz13r1+dr7PhkfYvn2ddb+c2yW9Dud+bwLAHqIJhD+uVXXVeO2HSCUH+rGgAjGdNd7xLFj4odzdDPPa6sQzddf10+i/nQ9pmW9cXz/NBxnvVDRsIhOczQ6fj+sV/bpNW6/vk/ulIF/SY9u4voHXl77/hV8m3jK9hMEkEG67FyCk1uf23xr3bX5/pvvizmvmv93emO3Prm9JYpnONLEv5Ww/c69Dpu24r62zn+1yxmWYeZPH4ML+lP1xO84b9DNnr+Mls68X5su+xwpe9xhdlRvn6w39MesKtmdoM/1/1m+vnS/cZ/sd19nt8/b1tL7Fvux8nBmp/aIl+uIdo7HP1qzU65dfZu49duzjbHFfO8tdv35h+u0sN2qhL7n3Zm7bU2wVetpG/zsguc9EZvv26QuAp6UggZg/P4QMySSh9DcQwwfXTiV0+ZJzPojlA879oDQfoMMHXb/8KblwPvz0F+X0JRIGnrFAdDYuWIYXmEhb+MXsPN9unb7ofTBfX1R3P04n2z3tt+HLeFyHv73Z9QX7MxTfn/J3qi/my2x8TfR+Cvb90pdvRHaZ4zSR/ZjpZ26/JNuC1zJ8vtdr6+7XzLjo9mX2pw4qbJv0pXC/7328ZPZ1dr5B/H23/LqnhJ8Nlr+e/r3ivX7pfXbocT3fvvznUq4vex1ng/h+yfdFJD8LMpZev+gyZbrMe+wUx1lyXwf7Qb+n3L7kZPqSfG8ubXvS8B0wri94PVP7LLd9e/cFwFNy9gQilRzox5LfQDgfXHev/C+VLD1f/yFnBR9o3herFfmy875E3fbItCL80pl/CcsHtplG2qazNpb7YX7jtc2/zOPC5U79nNY9Th9skzuftz7Zn4kvORHdn71kXxaWt9geUzhPLDBI77Nebr8k2k7y2trtG+aVeWL7PbZ9uX3jT98fI6Vf/nseL9l9XfAazrav8HVPkf7E9n9uv/j73Wlb6ss+29fvZ28f9dw+J/si9jnOBtH9stAXkfosSCrYJ7FlhseRMU0Xth98nPVS+3q2r2T5pe+jTF9Sx+DStqf1y8h8B6T2WW779u8LgKfk7JcwyZBMEkorEPtY+IKIfsktfjlOH76xLxcRjp998Lof4JH1JZV+Icl07heEt478l4cnXN8++zPXl4XlLbbHFM4ze+1y/QzJtKnXwW07xWs7BBD6mHpttjV2HEaPzcy+8ac36winWRRuQ2p9Mj63rzP9tKKvX8HrnjJ/jxq5/ZIKJBf7ss/2RY4lt8/JvoRk3Tu8ttH9stAXEf0syCnYJ6Wf1yNZ5rGPs15qX8/21S77OtOX5DGY2/asyPFhl5XZZ9nt27svAJ6SxI+oa9V0w/OuUfURf0SdSg70Y0kFYl8LXxDxL7n5h2v4JaI/SLfpD8zZl07Yj/7DdrqMoF+f+4HtCdrcD+ycYH1Sap76Ksv0z8RNVZ2F9XnPzXIWg4ZsX9x1G3J5wNi+sL6U7DLHafKv0XyfpfbLDm2e3Hx5Wzn2hm286/d57BiPBT65/ZkMUrIWtiG1PhmfOSZy/bRi21fyuqdEA+Weu0zvko1eKpA002b6stf2+csPp0n3RZafeY0WxPdLvi8i/tmat/T6JT+vU++xEx1nyX0d7Fvp/06XMCX64vfB3feZbc8yy4/u29w+y27fcl/kWJLKROx9BuBpWJl/1Rr8u9Y+aajG8dWUTByBDMkk4WQVCPMhOZZT3SBLPgjdtp77YWo/6GJtRuzDMlifNn3R6A/bcbwEgP2j/fDVCYXfbpY9X2bph6+7Pgk27bw2CNKPtn3cvuX1ect1v1iceby2cB6nL9F5g2A4ur4lyWWWv0Z+P3P7ZWGfneC11cfncOzI37nXL7yMILY/x3F6mc4ygtdibnkbUq9fel/n5lvYvoVjKS6yzDEo6jmvn/uj0ekzQl7PyD7b67jOb1/qcynfl/kyy46z/H5J9WXpsyArtc+Wlpl8jx3/OFt63b390if6YaKVE+vLOC713sxse1q/nH557neAe3zm9ll2+xb6YuctO/4AXCLuRA0AwClJ4uME5pfDJBDxth1c7PYBOBXuRA0AwLF5Z+H96t+lcCsPO1cDnsD2ATgdKhAAAAAAilGBAAAAAFCMCgQAAACAYlQgAAAAABSjAgEAAACgGBUIAAAAAMWoQAAAAAAotvLuQD1qVR3enfpIZEgmCcUViN1ufjP9r+tn6q5z7mR6wA107F2cY21iuoNnyd1ASzl3H5VteX0zv0vpUdcHAAAA+FZNNU8Smmqj6lYej59ApJID/VhQgdh2crfLKYEwz+MbN5knHHevDg20y5KYw9djmeRhvNmP3Pmzf24TCOt46wMAAADmogmEdYoEQoZkklBQgZjOtBthAB23kEAMwbg9g7922t69fjatz1uGWabbHruTZyyg95ZZegfPbqo25CyuL0x6MttevF/Cbcgt05l35zufAgAA4NGdPYFIJQf6sfQ3EMMt9MuSB5FPILZbJwDWy3YC3u7eC5qndZqKwBSQy/N5MjAL6CW4dvsSPk+QdZcE3LEEIr0N+W1Pti1sQ3Z/9kggAAAAnq4nV4EwZ7dNQHr3ah6wxy1UIIaExHIDWxvsWn4C4QfGspwwqQkD+nB5xvJ2HJJApLehl9n2VNviNuSWCQAAgCftaVYgdraQQLjcs+lOsqKfewnCfglEbJoihfPN1pfdhkBQSUi27bINuWUCAADgyXl6FYg9yW8nxjPhEtRu7Y+vg0TADXi96SQ4DysQ/tn8WEVknqhEEo9C4fK9bRqniSQQ2W1IbPsubZ7cfIatYFCZAAAAeHpWG/3vWv1/2Sr/hWka77cdKpUc6MeTVSCEBLaRy2288fNLbtwfba/7AN6223/jOv2L2HlyYccb6Ut8wt8IJEkw7s7nJUHOeG1aX2ob8tue3y/pbViYr0cCAQAA8HRxJ2oAAAAAxbgTNQAAAIBiVCAAAAAAFKMCAQAAAKAYFQgAAAAAxahAAAAAAChGBQIAAABAMSoQAAAAAIpRgQAAAABQbBW/y3Sr6vEu1JVqurB9f6nkQD8WVyDu1e2rF87z87N3U/a5d7g+vumO0uGdqyN3oh7vUn0q7jr77X5949yJGwAAANdq1VTzBKKpNqpuh+dtrTZV47UfQoZkklBQgdh2EhhPCYR5Ht+4U5IE4raTv52+bE+bQFh3r8IEovfhhVo7SYMkG6Z/p2CSh3H5su7+OQkEAADA9YsmEL5W1UdMIFLJgX4sqEBMZ+GNxw9apwTC5VcobGLhnrXv9QH/3aupXf/dL8vdxlgSUJJA/Es3VQS8voR97aezbevXL0z/huXEt8FfdtSQUPjz5bY9v1/Sy7R9fKbWevpgHgAAABzdYgLRNdVUjTgCGZJJQulvIIag9zLOeEcSCAl23XHucx0ImwRAgmS9DWNAPgTSYyIgz+cBcUkCMVVIet39OL2MH/eb0xd5bhOYsS2xDd6yZ4I+u+tw/p5te64tt8yeTrjstsux4ewHAAAAHFc2gZDk4ZiXL4lUcqAfS34D4QWaRzjbrJdnz15buyx3nkD4Z+6DZcr6hgB3TAS8QHkKjLWxbRqXTCDc9Tl9CvtjlzdLBGQZTpLgzmOYbcgmEJH+jtPntj3Xlltm/7d/6dj89QAAAMDxJBOItt4cPXkQMiSThNIKxEWJBKyRgHe0lEAULCuZQMTOvMt4NylxlpdLILLbsGMbCQQAAMD1SP6IelO33rhjSSUH+rGkAnFxYgFrPy6sJFi5QFnP51+aFfth9s4JhDN+vDzItjl915cCjc8z29ALqz/Tj7bn+2Psb27bl/ZLapk9EggAAIDzWZl/1SqGRKJrVDWOC9qOQIZkkvDEKhDhD7q9s/l98Ou2mX+9ahIEeS6B8fibg2Ha284Ev3q8nW8M/qd5JzZwDtqCRMLt57oP/OXR9lXO5E/z3fjBd3QbhjYJ+N02Z53eMntjEuA8D7fdnXa+X1LLdMf7+5ffQQAAAJwGd6K+KCaBiLedQVCtAAAAAELcifqCuJUHr5pxSl4FYH65FAAAAOCiAgEAAACgGBUIAAAAAMWoQAAAAAAoRgUCAAAAQDEqEAAAAACKUYEAAAAAUIwKBAAAAIBiq9Rdptva3oW6Uk03b9+XDMkkobgC8cg3XOuFd0Y+x30UpjtKO3eE1oI7UYuT3xDOXecTvn+EvqN2uD8BAACQsmqqeQKhk4e6Nc/bevr7CFLJgX4sqEBsOwmMpwTCPI9v3ClJAmFu9ub0ZXueQPruVSTgDe4iLcnGKW9GJze9G5evg/ALTSK4uzYAAMBRRRMIz5ETCBmSSUJBBWI6C2+sX7+ZbdR5xashfoXCBtdBpaAPbM3dp027/rtflruNsSSgJIGQO0zbfeP1Jeyrcyfq9esXpn/DcuLb4C/bXY6MM30f+meX7awz3Re7b/r1dJKQOMvJzGfGP1Pr8S7efj/HeawgyTLj/f2ZXebYHm8DAAC4dukEomtUpS9hWkgwdpRKDvRj6W8ghsDw8ZMHEUkgJJh3x7nP9dl6E7BKwqC3YQzIhyB6DHLl+TxALUkgJMgdk4/u3gvEx/3m9EWe2wRmbEtsg7dst31Yv9+/YP+k+jIwQf2wzeN+yc+n57HbLseGsx/C/RIT25/JZWb2CwAAwMfgyVUgdMA2BuBHOPurlydBq2uX5c4TCAlw/eU5y3QC2jFw9RKIIJh1g+hBMoFw1+f0KeyPXd4sEXCC4dw2zOaz84bbpfn7J9UXK3UZWG4+f57g9XD6lRJPIOLLzO0Xd34AAIBrtZxA9EqmKZVKDvRjaQXioswTiFjQP1pKIAqWlUwgYoGyjHeTEmd5s0RAprXrz21DpM1dVjKByPTFiiYQC/OdM4HI7hcAAICPQCSBaFXt/uclqUBUjdN+GBmSSUJJBeLiRIJ+GRdWEiwnoI0mEJvc2XVj5wTCGT9eNmXbnL7ry3bG55lt6HnVH1mOM63bNrssKtWXQTKByMy3mEB42zT/XclOCcTCfgEAALh2K/OvWoPfOoy/fxDH/TeuqeRAPz6xCsT0I1zDC0z7pMBtMz/UNQGsPJcAeAyuh2lvOxOo6vF2vjFwnuad2CA3aAsSCbef6z64l0fbV++SnO2NH3xHt2Fo00mDHR8E/c584Q+zk33xlje0e0lCfL6p//7+dfeBN++4zPT+XFxmbr8AAABcOe5EfVH6YNUN4M8tONO/ZEx0bBK0w7wAAAB4mrgT9QVxKw/hZTYn451NDyoJOTLfkOyYM/w7zAsAAIAniwoEAAAAgGJUIAAAAAAUowIBAAAAoBgVCAAAAADFqEAAAAAAKEYFAgAAAEAxKhAAAAAAiq28O1AHuqby71B9BKnkQD8WVyAe+YZrPe8OzvvcR2EP0x2VwzsfR+6qfMqbuo33jvDv1Ozdu0LfWZo7NAMAAFybVVOlEoRW1VWj0u37kSGZJBRUILadBMZTAmGexzfulCSBMAGz05fteW6mdvcqEpgHd5GWZOOUN6PztnXHO1gnHWs5AAAAOJlkAiHVh7p9f/QEIpUc6MeCCsR0Ft5Yv34z26jzildD/AqFDbaDSkEfLJu7T5t2/Xe/LHcbY0lASQIhVQK7b7y+hH117kS9fv3C9G9YTnwbjFwCka6UDNOOy+z7aLfFuyP2wN0ebz63L3af9uM6O02wTLvN4XMAAADsLJ5AdI2qqkb/fWkVCG0IBB8/eRCRBEKCXXec+1wHwibAlYRBb0O/PWZbhmB4DJzluR+4i5IEYqqQ9Lr7cXoZP+43py/y3CYwY1tqG3phIhe7ZCrWTy/x0K+jM02wDZNgPwT9FqY/wzTj/gzWF3kOAACA3UQTiLauVNOZvy+tAuEGj3evjhAM6uUFwXAkaE+bJxD+mftgmU6QPAbYXgIRBN1OMGwlEwh3fU6fwv7Y5XlJhl3GMF92G/r2kkuYov3UScO0zNn6YwlEZB+EfU8mBu4yU8sHAABAsWgC0VQbtdk4hmrEMciQTBJKKxAXZZ5AxALekRPERhOIgmUlE4hYcCzj3aTEWV4ugchuQ2/vBMLlrs8+j21DpC/FCUTPJpqz7QUAAMDOMj+iNi6uAnFxIkF/rJJgOUFyNIHY+JdmxQLjnRMIZ/x42ZRtc/quLwMan2e2obdfAhEsM1i//9zsCxPw938H+zhcdi6BMPv3ReR1AgAAwK5WU6UhTBRaVVOByAp/B+Cd3e6DVrct/JenEsSPvzkYpr3tTKCsx9v5xsB8mndig+agLQjm3X6uX5lLk2xfvUuVtjd+kB3dBnee+Tbt1M9eWBHw+uokUl4/3TZJOpzxXpvDS5wAAACwN+5EfVH6APsxz5InKgnXYPFyKgAAABThTtQXxK08nO1afa/KkLkM6EnKV2YAAACwOyoQAAAAAIpRgQAAAABQjAoEAAAAgGJUIAAAAAAUowIBAAAAoBgVCAAAAADFqEAAAAAAKLaa34H6veqaarg7tVE1ndd+CBmSSUJxBWLHG66N9zrw75xccq+F6c7Il3AjMve+Bs/U3eub8e7Kl9VPAAAAXKtVU8UTiGMmDa5UcqAfCyoQ205uBjYlEOZ5fONc261zk7Q97rj8+HcyNsnDmPTINvTPbQJhccdlAAAAnNLZEwgZkklCQQViOtNuhAF0Si6BePf6mbPM+N2Yw8Bc3zW6T2Lc/rgVjfQybRWhH9eZJKCoatBN1YacWALh9SWs3AyJiGnv1+HOn2nL7rPcMp15z3a3bQAAABxNMoFwL2GqW7/9EKnkQD+W/gZiuCSpNHkQYeKxsgmEBLtuUB0+H8wD8yERGBMReT4E0gXLNP0Zpi9IDiToLgm4oxWI7t4L/N11eYmV3q/T/Mm2he3LLVOQQAAAADxd0QTC16o68juJfcmQTBJKfgMhweoQkN69cgLVBakKhH8m3ZovN55ABOOGRKBkmV5/ChySQIT98ZIVHeBPbd46Em2L25dbJgAAAJ60ggTivSqZplQqOdCPpRWIPaQSCBv0u9PGRBOIsFJhl1WwzF0TiL376SRc+nluOUElIdlW2Bctt0wAAAA8OZEEQioOlWq64XnXqKpqnPbDyJBMEkoqEHtKJhCxSkJEvALhn82f1rG8zJ0TiF5YcZHLoMKz+9EEYtxWaXf7HPTTC/Z3aPPk5jNsBYPKBAAAwNOzmn7r4CQSkjSM451k4ghSyYF+PFEFYrrkRgJbCXDNpTVjIN3dDO2WDYCnaSdOktAHxvrH1LbNCdSTy5SA2hu/w285wnm9JMgZr03Jhvv7j3WfhMijCd7n801Bfa6tt8M+CxMFEggAAICniztR780kEPE2AAAA4DpxJ+o9uZUHzqQDAADgY0EFAgAAAEAxKhAAAAAAilGBAAAAAFCMCgQAAACAYlQgAAAAABSjAgEAAACgGBUIAAAAAMVW3h2oA011/LtRp5ID/VhcgTjPTdymO1i7pjs8n8J012h7Z+dw/OR0958Y7iYd7GN974vS/a7vmu1vg0ht3777eqlPqfUBAABgP6umiicQkjxUTTcbfygZkklCQQVi2933j1MCYZ7HN+5QEtSaIN1Z3/a0CYR19yoWfLvrliD/hEFxd6PWr+z2R54fKNy+/ff1NH1ObH8CAABgd/EEoq1PkjyIVHKgHwsqEOGZ+PXrN7ONOr54kOqfNbfBrgT2Th+39+Ys+dBuz5i72xELyosSCKdPXl/CvupqgF2fJALTsuPb0JOEYStMgnYnyUO/ftvX3PpKzvqnA/qCfe21m+nd9tL9mdx2AAAAJEUTiK6pVV1Xw+VLG1W3fvshZEgmCaW/geiDWwn6zpM8iEhQK0G5O8597ly+IwmD7qcE5Lq/Q4IxBObm+Tx4jScQNtg1vEC5ux+nl8DY3Tde4qH33bDs3DYM/dX9kPF9f2W54zoz67PSScLuCUR6fcP+HOcp3J+5bQcAAEBSNIFoa0kc7PhW1ZnfSewqlRzox5LfQEigNwbnRzhrrJfnB+bzs9HzoNY/ex3MNwTcMt0YuHoJRBDMjm3TuFiAPb+EaUoiwv54y9NJw9SWmscY1mH7NMwr88j0ResbHDOBSK9vv/2Z3XZnOgAAAPiSCYR7CVNbH+9H1DIkk4TSCsTZRYLaSJA6WkogCpa1nED07HxOUuWNt89dMq1df246p83+zmRMIArXd7QEIru+/RKI7LYDAAAgKf4biK5RVdWMz9v6gioQjyIS1MYCV2spgfDOoEcSg15JAiGXNI0B/XhJlMybOUPvJhC5bYgE2F4CkVzf5KgJRHb7/PXHKlPz9WW2HQAAAEkr+zuH8N+5ds30G4hN3XpJwCFkSCYJF1iByP/u4MZrM78tMAGtPJeg1v5o2k5725kAWY+3843B8TTvxATDYT80J6h22+W/Jcmj6et8mYvbIAG7fT6sY1r+vD9L65suDcq15fd1an12/7r7M0wu7HjDSS6ir9+0TgAAAMxxJ+qz64Pa8Aw7AAAA8ERwJ+ozc8+Ue5UAAAAA4AmgAgEAAACgGBUIAAAAAMWoQAAAAAAoRgUCAAAAQDEqEAAAAACKUYEAAAAAUIwKBAAAAIBiq/AO1O/ft6oe7059qXeiLrgZm9xl2LlTMwAAAIDDrZoqkkBUzfS8a1R1xAQilRzox4IKxLaTpGBKIMzz+YbdvXqm7j7MxwMAAADYXySB8HVNpeo23rYPGZJJQkEFYrud7uQs1q/fzDaK6gMAAABwGosJxFL7rlLJgX4s/Q2EJAip5KG33VJ9AAAAAE4hn0Ac+fIlIUMySegTCO+3FwPbrjv94YVab27Utv87epmStFN9AAAAAE4in0C0taqaLt62p1TyoB9LKxAZVB8AAACA08kmEG1dqaaLt+1LhmSSUPAbiCypPiz9dyYAAAAAe1tNlwqFiUTw35iOJJUc6McDKxDyA+vbLt4GAAAA4HDXcydqqg8AAADAyXEnagAAAADFrqcCAQAAAODkqEAAAAAAKEYFAgAAAEAxKhAAAAAAilGBAAAAAFCMCgQAAACAYlQgAAAAABRbze9ALVpV2ztUH/lu1KnkQD9SgQAAAAAu2qqp5glEW29U3Zq/u6ZSVdN57YeQIZkkUIEAAAAALloigahU0w3Pu0ZVdeu1HyKVHOhHKhAAAADARYsmEDppsJcwbZxk4ghkSCYJVCAAAACAixZNILqmdpKGVrXD5UzHkEoO9CMVCAAAAOCiRRMIf1yr6iNewiRDMkmgAgEAAABctMRvIE6XQKSSA/1IBQIAAAC4aCvzOwfhJA1tPYwz7H9kOgYZkkkCFQgAAADgonEnagAAAADFuBM1AAAAgGJUIAAAAAAUowIBAAAAoBgVCAAAAADFqEAAAAAAKEYFAgAAAEAxKhAAAAAAilGBAAAAAFBs5d2B2tFUkTtUH4EMySSBCsR5vX2h1usX8bZHsH2+6g8BcaO2kXYAAAA8vlVTzROErqlU1XTmeVurTd167YdIJQf6kQrE2UnQfvsQb9MJxvP7eNsJ3a13TCAeqZ8AAAAfo2gC0daVarrpeWyafcmQTBIWKhB3a5nkS3X38Lla95Pqv9/ajfnl0G59YYLQt8O0z79Qt/3j7YOdbmgXD18488k0dpnzttX6c/XOLlOWMf7tzpfoy+gz3Zep3dmOXF+i7vtl2TP3vT6Qvus7tFo9M8t8uDHjbaUhfJ6qQtjpXE6Q/u7lM6dtWNdCX/Tf/bqmSkM8eYklEN763P7u1c/Jj19+qTb9fn718pfeeAAAAMSVVSA2fkJxiFRyoB/7IC/VLoMJvL9U6+d9EC8bIMG2BPTBRol3fWC4ev7Z9LcT7EvQun2u1FqCRh2whwG8fW7W57XZ9ellOX1xlm37YLl9scmDXvf4fFhHti8ZkgQMl/1IkL5++aaf98Y89uO2z/3Aeen5KHVmP0w63OfZvgwJxrhMeT5fd7QC8XA/jpOkwG6btk8/ByQQAAAAu4kmEO/ft6rWv38QfTJRHS+BkCGZJPTBpQypdht8j0G6Dtqns/smUZjO3nsJhPw9BP0SsNoEQh69eQYmwM9UEpxl6ec9vSwvaXHmtQmEm4QE8n2ZTz9yAugx+HYSCC/AjgXbsXGZ8f5Z/eDsfrYvkjAEyYHbz8FiBaJXkkBk+xlMCwAAgDKJBMJ3zEuYUsmBfuwDvFS7DLOKgJtA6LP1QTJRmkAkAvqJSVz67k3rCJIXMa4n05fFBGKxLxHZoN1Mc7c2gbME1bEqSbQKkUosIkH/aCmBCCoARQmELNNNPMJ59uknAAAA9rKYQHiXMx2BDMkkQSL0fki15xIIHaSPwfcQ8BckECbYdy89cqocYbDvzG/+ntbhzpfri7f8YblFfRmmjSpIIMzzF/MA3ml3fzugyXLH6c3lR6YvkUqCtZRA9Mtw+xVLXKIJhNO38dIot33Xfg7e9ft+07+mn4TJEwAAAKJW5jIl/9+1StIwjq+aWRJwiFRyoB/7wC/VLsN0OZEkDc7lRTpYdy83+kLdSRCv2740gX5v/fwL83c//Z2c7bfJwBC4j2zwH47vjcG8TV6caaZAP9EXm0TY5MNyk5RUX5JMwGwv67E/VNYJQT/OTT5mgXfAVincce4Pnr15h+VPJFBf6kvf3j/X4+18Y2IwzTuZ+uP1o++nPLrbtls/7Xyfqa/1+5jfPwAAAJTjTtT7sglErO1Czc7shyTYDqsQR2USiHjbI+iTtU2foEXbAAAAEMWdqPcRVBAWf+T8qIIz+ydNEPLcyoNbPQAAAMDTQQUCAAAAQDEqEAAAAACKUYEAAAAAUIwKBAAAAIBiVCAAAAAAFKMCAQAAAKAYFQgAAAAAxYY7UVeq6fxAv63nd6g+hlRyoB+pQAAAAAAXzVQg2lptqmYM8rumUpu6Nc/7tqrpxrZDyZBMEqhAAAAAABdtuISpVbWTQDSVW3Xw2w6VSg70IxUIAAAA4KLpBEIqDnU7Bfl+AjF/fggZkkkCFQgAAADgoq305UpBheGUCUQqOdCPVCAAAACAi7YKkwdxykuYZEgmCVQgAAAAgIsW/TeuXVNP/5Wpa1R9xB9Rp5ID/UgFAgAAALhow79xDf5da580VOP4+b94PYQMySSBCgQAAABw0c5+I7lUcqAfqUAAAAAAF+3sCYQMySSBCgQAAABw0ahAAAAAAChGBQIAAABAMSoQAAAAAIpRgQAAAABQjAoEAAAAgGJUIAAAAAAUowIBAAAAoNhwJ+rwbtOtqsO7Ux+JDMkkYd8KxNvP1bqfdbX6Qm1j7Ys+U7erL9Xd21jbKRx7fb9Ud2uz+1Zn3Y65dy+f9X1YBZ6dtE/b53Y9N8Hrf9/vZ7cfvef3TvspuOvst/vljVq/fBOZDgAA4GkyFYi2VpuqGYP8ptqoupXH4ycQqeRAP/ZBV6pdhtgGjHQS8bEmEAO9Dx4/gbh9kL/7QHr9Qo/bPj9tAmHdrcMEovf2hVo7SYMkG6Z/p2CSh3H5su7+OQkEAAC4JsMlTK2qnQTCOkUCIUMySeiDLRlS7f6ZduEkDDaBePhibPcCRWe8tv5cvRvnc8Yn2m4fJOi3f8syM33RpumNIbDPrW9RYpm2PZpALPQztV+W2hZNCYTLr1DYxCKoFPQB/12/k2y7/rtf1lRpiCcBJQnEvzxMFQGvL2Ff++ls2/rlC9O/YTnxbfCXHTUkFP58uW3P75f0Mm0fn6m1nj6YBwAA4AA6geiaSlccwmD/0isQ715+2QdVn5nnNjAPnptAMzjjL4GxFwznKgJOAC7LlnntOhxeX4ZAf/3yl85zd/m59aUsLbMXTSB8834603v7JddWIpJASLDrjnOf60DYJAASJOtAfAzIh0B6TATk+TwgLkkgpgpJ7+F+nF7Gj8G/0xd5bhOYsS2xDd6yZ4I+u+tw/p5te64tt8yeTrjstktC5OwHAACAfa0keXAvX3JdXgViCIAlmLe8hMEPnqdguaRakAq8h3lTSUOsL4vBdm59CSUBfCKBSPYzu1+W9tmSeQLhn7m3hgBYgt8hwB0TAS9QngJjbWybxiUTCHd9Tp/C/tjlzRIBWYaTJLjzGGYbsglEpL/j9Lltz7Xlltn/7V86Nn89AAAA9rFKJQ/i4ioQEkQ7gax3Nl0Hz36Q67VrErjHAuLlBGIWGOb6ckkJRK6fo9R+WWrLiQSskYB3tJRAFCwrmUDEzrzLeDcpcZaXSyCy27BjGwkEAAB4irL/xvXSKhA6+B2D6CGw9RKI8BKfIfAPg+9ZoO0nCdvn7nLiCUS2L+66h+lzy/TbUpaW2YskENl+5vbL4j5bEgtY+3FhJcHKBcp6vqlCIGI/zN45gXDGj5cH2Tan7/pSoPF5Zht6d2u/X9OPtuf7Y+xvbtuX9ktqmT0SCAAAcArDv3H1/2Wr/BemabzfdqhUcqAf+yAx1S6Df1nNF+pOgmP5e/2lTh68cb0xuNZn4e18RpgQeNM4gbMOwCPjk30JEpr4vL3E+rJSy4xsnzDbmOlnbr+U7LME98fOwpuvD37dNvOvV02CIM8lMB5/czBMe/tggl893s43Bv/TvBMbOAdtQSLh9nPdB/7yaPsqZ/Kn+W784Du6DUObBPxum7NOb5m9MQlwnofb7k473y+pZbrj/f3L7yAAAMChzn4jORmSSUIf4MiQao9tAD4GJoGIt51BUK0AAAD4mJ09gUglB/qxTyBS7TLENgDXz608lFZBDuZVAOaXSwEAAHysqEAAAAAAKEYFAgAAAEAxKhAAAAAAilGBAAAAAFCMCgQAAACAYlQgAAAAABR7vAqEVBsi/BvYGTaJiG0AAAAAgPMZ7kRdqaZzA/1W1WMAH7YdZqwo9MnCp59+ukj6YAe34++eK7VZfVF2B2cAAAAAR2EqEG2tNlUzBvlNtVF1OwT9QduhZLAViFiyEBsXq0B8siZ5AAAAAM5tuISpVXUySci17S5XgUglEHZwO04CAQAAAJyfTiC6ppoqDoFc2z5koAIBAAAAPE0rSRBSlyjl2vYVViAkQUix7XaYOv6Z+hq/fwAAAADObpVKENq6D+KPnDwIGQ6tQHyyVuprD/ONAQAAAHBa0X/jKj+i3tTtbPwxhBWIMFmIjbPD1HEqEAAAAMBjGP6Nq6hVK0F+16hqHBe0HYEMh1YgBL+BAAAAAM7v7DeSy1UgYiSBsIPbcRIIAAAA4PzOnkDIYCsQMVPVYxKrQHAjOQAAAOD8Hq0CEX3sE4hUuwyxDQAAAABwPo9XgYg86ipEP6TaYxsAAAAA4HyeVAVi1bcDAAAAeESxIP+UZEgmCX2HZEi1xzIgAAAAAOfDbyAAAAAAFKMCAQAAAKAYFQgAAAAAxcydqKtmFui3tb0PQ6Wazm87hAzJJIEKBAAAAHDRdAWiaypVNd0Y5OvkoW7N87ae/j6CVHKgH6lAAAAAABfNXMLUNapKJQlHTiBkSCYJVCAAAACAi2YuYYpdpiRJhW6rVeuOP1AqOdCPVCAAAACAizb8iLpVbTsP9jUqEAAAAAAGYwJRZ5KEpjpeFSKVHOhHKhAAAADARYskEP3f7iVNUoGI/JemfcmQTBKoQAAAAAAXbfgNxEbV7iVM4+8fEr+POEAqOdCPVCAAAACAizZUIM5HhmSSQAUCAAAAuGhnTyBSyYF+pAIBAAAAXDQqEAAAAACKUYEAAAAAUIwKBAAAAIBiVCAAAAAAFKMCAQAAAKAYFQgAAAAAxahAAAAAAChm7kRdNdFgv2sqtdnUqo207SuVHOhHKhAAAADARdMVCEkUqqYLgv1W1X1i0VTHTSBkSCYJVCAAAACAi2YuYeoaVdWtF+hLUlG374+eQKSSA/1IBQIAAAC4aOYSpk2lms4J9CWhGC5rogIBAAAAwBp+RN2qtp2C/LaeEgoqEAAAAACsMYGonUuYmkqqEo7Ej6z3IUMySaACAQAAAFy0aALhogIBAAAAwBp+A7HRP5j2g/0+qaACAQAAAMAxVCDOJ5Uc6EcqEAAAAMBFO3sCIUMySaACAQAAAFw0KhAAAAAAilGBAAAAAFCMCgQAAACAYlQgAAAAABSjAgEAAACgGBUIAAAAAMWoQAAAAAAoZu5EHdxpumsqcwfqQdV0XvshZEgmCbtWILobtdreB+Pv1e2rF8E42mij7TrbBtHPAgAAcAq6AiEJg5skhM+PKZUc6McdKxB3r56puw/T820nAcQUbJjntNFG2zW2ucLPAgAAcDrmEqauUVXdjkH+KRMIGZJJwi4ViMgZx+12pVabyfr1G9poo+1K20ZUHwAAOCtzCdOmUk03BfnhJUx16ycBh0glB/pxhwrEdps44yjBRC7QoI022q6nrZf8LAAAACcx/Ii6VW0ySWhVvalVG23bnQzJJKG0AvHhhVrHzjjK+M2N2vZ/zy5poI022q6rzbZTfQAA4KzGBKJ2LmEKNdXxEohUcqAfCysQnHEEIPgsAADg/CIJhFQcnEua5PcRwX9pOoQMySShpAIhZxyHH1QC+IjxWQAAwKMYfgMR/M5BkobxNxD+7yMOlUoO9GNBBUJ+VHnbxTcGwMeDzwIAAB7HUIE4HxmSScJSBYIzjgAEnwUAADyasycQqeRAPxb+BgIAAADA43haFYjIBgAAAAA4HyoQAAAAAIpRgQAAAABQjAoEAAAAgGJUIAAAAAAUowIBAAAAoBgVCAAAAADFzJ2oqyYa7DfV8e9GnUoO9OOuFYjuRq2298H4e3WbvMFUri3UT7tZqVUw/d2r+bgkudnV5kZtg/FyB92VLDvSto+lPp17fY9C72u7nSu1fv0mPt05JF73S3LsY+JwB75vo58FAADgFHQFomsqVTWdF+hL8hCOOwYZkknCjhWIu1fP1N2H6fm2kwBiCjbM8+W2pD4oWffruO0Szw909yoSvEnwuXMgVBBg9aLr20vZ+s7p3evjvS6L9nqNLtPxjon9HeN9G34WAACA0zGXMHWNqup2CvTb+iTJg0glB/pxlwpE5IzjdFZ1fhY615YkCcNWmPVIkHK7nQJVCVrHZQYBdckZ3lnwJttkl2c525henwmw3PZYMB0LFr1lbkqDsPz6cvvFrxRIQjb1ab++yHbZeQbDOs1rMCzf7tuhzazrWb9+O1+4vn4bx2XK635j2hdeo+zr7m37tL7FvmT2WV5iG5xpFo+JHV6/fft58Ps28lkAAABOx1zCFFyi1DW1qutquHxpo+rWTwIOIUMySdihArHtA/kwGNKGAC8ZaKTaYvrpZVodZElw1AcpElyNwXJ3PwZIMj623NwZ3mjbsB5vnJVc3xAojsGePJ/vn9n6ZF1ugBg+T1pYX2a/eK+bfj2GPu3dF8N7XRz+Nvf9dJapg1O7r4MgVJKScXnSF3f75PlCwDp/bYN9pJc5TZPrS3KfLchuwzhNZFn7vH4LbYv09Pu9b5OfBQAA4CSGH1G3qnWShLaWxKFW7dBWj38fLpUc6MfSCkQqgHOCstklDbm2lD5w0UHLEMBIMOYGqvK3jLdiAU40QBtE21Lb1kuvT4LTYFm27864cH3h8oySfZNfX3a/DPvSSu1LozwwlPnHYNnhb3OYQLjLd9oyr4G21N6bvbaR18Ptc7IvIrHPsgr6KGLH4D6v32JbTu69mWuz7QXbCQAAjmdMIGrnEiZJINxLmNr6eD+iliGZJBRWIM52xtEJ+uy112PQ5wQ24bSuaJIwiLalAqLs+vZLIFJ9XpZZX+F+0WRaGyjv3RfjqhMIl7vPcgr6KGb9lPn2ef12aTuis30WAACAUTSB0L+JcP4zU1tfUAXiTIGJlgv6ggBNLheJBVrRJGEQbfO2TwL14Uxudn1mOnf9sbO18/XJfOn+pWXWt9hPZ32zbd2nL0Y6gZj2g/TFvaY/F7SH+08uMRq3I/UaDdOK6L52lh9Ok+5LsF+8dedlt2GcJujnsV6/Hfq5t3OsAwAAzAy/gZj/zkH+M5Nt27jJxYFkSCYJBRUICYJigeLRSXDSB4b6cowhoNLXqetxJjCbnvdBVh+sTZdtSDA1tRk2mMu1Gd5ynYAvtT4bGOvH2XwL6+uTJL8tCCgj8uvbbb94r+UefYlunxtUOstcv35hpu1fT0k4zHhZh7MMGzy7r787fhB/jfL7elqnYefL92Vhn+UktyHfz/1evwP6uSfp56nXAQAA5oYKxPmkkgP9uFSB4IwjAMFnAQAAj+bsCYQMySSh8DcQAAAAAB7H06pARDYAAAAAwPlQgQAAAABQjAoEAAAAgGJUIAAAAAAUowIBAAAAoBgVCAAAAADFqEAAAAAAKGbuRF01TpDfqtregfoC70TtkbsMB3cI1nfETd5gijbaaLuutkH0swAAAJyCrkB0TaWqphuC/D6BcBOKrlHVEROIVHKgH3esQNy9eqbuPkzPt50EEFOwYZ7TRhtt19jmCj8LAADA6ZhLmDJJgiQXdTsfvy8ZkknCLhWIyBnH7XalVpvJ+vUb2mij7UrbRlQfAAA4K3MJ06ZSTRcP+JuqVm1k/L5SyYF+3KECsd0mzjhKMJELNGijjbbraeslPwsAAMBJDD+iblUbqzIc+fIlIUMySSitQHx4odaxM44yfnOjtv3fs0saaKONtutqs+1UHwAAOKsxgahjiUJbO7+NOI5UcqAfCysQnHEEIPgsAADg/LIJRFunL23alwzJJKGkAiFnHIcfVAL4iPFZAADAoxh+A7GJ/FA6+G9MR5JKDvRjQQVCflR528U3BsDHg88CAAAex1CBOB8ZkknCUgWCM44ABJ8FAAA8mrMnEKnkQD8W/gYCAAAAwON4WhWIyAYAAAAAOB8qEAAAAACKUYEAAAAAUIwKBAAAAIBiVCAAAAAAFKMCAQAAAKAYFQgAAAAAxcydqGd3nG5VPdyhet52mFRyoB+pQAAAAAAXTVcguqZSVdONQX5bb1Tdmr/DtkPJkEwSqEAAAAAAF81cwtQ1qqrbMchv60o13RD0B22HSiUH+pEKBAAAAHDRzCVMGydhEJI02EuYwrYDyZBMEqhAAAAAABdt+BF1q9rhkiXRNbWTNPhth0olB/qRCgQAAABw0cYEonYuU2qqWrXD32HboWRIJglUIAAAAICLFk0g2vp0CUQqOdCPVCAAAACAizb8BmL6r0taWw+/f4i0HUiGZJJABQIAAAC4aEMF4nxSyYF+pAIBAAAAXLSzJxAyJJMEKhAAAADARaMCAQAAAKAYFQgAAAAAxahAAAAAAChGBQIAAABAMSoQAAAAAIpRgQAAAABQ7NEqEDpZiHBvYGfZIbYBAAAAAM7H3Im6amaBflPZAL5WbdB2CBl0EtEnC59++uki6cNiBeLt52qt848v1DbWvugzdbv6Ut29jbWdwrHX90t1t7Y52Dm3Y+7dy2d9H1aBZyft0/a5Xc+N9/pP4ye3D/68x3Pfv6b9OtYvvPF3/YEZjkt6+6I/jv1tEKnt23dfL/Uptb5jePdcqU3/Pn0XaQMAAE+DrkB0TaWqphuDfO95W6tN3Y5th3IrELFkITbODrENGOkk4mNNIAZ6Hzx+AmGC9D6gHoLU7fPTJhDW3ToWfLvrliD/+EHx6OFGrdd2+yPPDxRu3/77epo+J7Y/D/XJmuQBAICnzlzC1DWqcpKEtq5U001Bf1MdrwohQ6oCkUogpgqEe6ZdOAmDTSAevhjbvcDNGa+tPzeBzFi9yLfdPkjQb/+WZWb6ok3TG0Ngn1vfosQybXs0gVjoZ2q/LLUtigep/llzG+xKYG/H9Z7f932e2u0Zc7eiEAvKixIIp09eX8K+6mqAXZ8kAtOy49vQk4ThubjXz+8keejXb/uaW1/JWf90QF+wr712M73bXro/k9teiAQCAICnz1zCtPEThlkFImg/xDErEO9eftkHm5+Z5zYwD56bwCg44y+BsRcM5yoCTgAuy5Z57TocXl+GQH/98pfOc3f5ufWlLC2zF00gfPN+OtN7+yXXViIS1EpQ7o5znzuX70jCsH75xgTk8mgTjCEwN8/nwWs8gbDBruEFyg/34/QSGJt12fn8xGAM7HPbMPRX90PG9/2V5Y7rzKzPSicJuycQ6fUN+3Ocp3B/5ra9EAkEAABP3/Aj6la1rRvot6rWiYVJLqrqeAmEDG4FwqwjzrZPFYghAJZg3vISBj94noLlkmpBKvAe5k0lDbG+LAbbufUllATwiQQi2c/sflnaZ0vmQa1/9toaAtch4JbpxsDVSyCCYHZsm8bFAuz5JUxTEhH2x1ueThqmttQ8xrAO26dhXplHpi9a3+CYCUR6ffvtz+y2O9Olfaa+1h9HJBAAADxtYwJRZ37ncMxLmA6qQEgQ7QSy3tl0HTz7Qa7XrkngHguIlxOI8SyylevLJSUQuX6OUvtlqS0nEtRGgtTRUgJRsKzlBKJn55P1uUH0Ut/s+nPTOW3bB7MtYwJRuL6jJRDZ9e2XQGS3vcAn/fvoa+H7CAAAPDmLCUT4A+tDyeBWIMJkITbOJh06+B2D6CGw9RKI8BKfIfAPg+9ZoO0nCdvn7nLiCUS2L+66h+lzy/TbUpaW2YskENl+5vbL4j5bEglqY4GrtZRA9MeLG7zGfixckkDIJU16HzrrE+NlU/p50E83gchtQyTA9hKI5PomR00gstvnr19+r7G8PzPbXoQKBAAA12D4DcRG1c4lTJI02PGxf/F6iIMqEN5lNV+oOwmO5e/1lzp58Mb1xuBan4W38xluID6bxgmcdQAeGZ/sS5DQxOftJdaXlVpmZPuE2cZMP3P7pWSfJeR/d3DjtZnfFpiAVp5LUGt/NG2nvX0wAbIeb+cbg+Np3okJhsN+aE5Q7bbLf0uSR9PX+TIXt0ECdvt8WMe0/Hl/ltY3XRqUa8vv69T67P5192eYXNjxhpNcRF+/aZ1L+A0EAABP31CBOB8ZUhWIGEkgbNIR2wB8DPqgNjzDjieJBAIAgKfv7AmEW4GIGSsfDjvENgDXzz1T7lUC8ORwIzkAAJ6+x6tARB51EtEPqfbYBgAAAAA4n0erQEQf+wQi1S5DbAMAAAAAnM+TqkD4P94EAAAAcHaxIP+UUsmBfuw7lGqXIZYBAQAAADgffgMBAAAAoBgVCAAAAADFqEAAAAAAKLZqKnu/hUo1nR/smztS16p1xh0qlRzoRyoQAAAAwEVbVU0XDfTfv29VXTWqqY6bQMiQTBKoQAAAAAAXLXkJk1Qf6vb90ROIVHKgH6lAAAAAABdtZS5f2uhkYQz0u0ZVVaP/pgIBAAAAwFqZ5KBVtfNbh7aefg9BBQIAAACANV7C5CcN9ofVg6EacQwyJJMEKhAAAADARXMSiHilgQoEAAAAAGv8DcSmboNgXy5rogIBAAAAYMKdqAEAAAAU407UAAAAAIpRgQAAAABQjAoEAAAAgGJUIAAAAAAUowIBAAAAoBgVCAAAAADFqEAAAAAAKEYFAgAAAECxVVMNd5veVKrpTJDfNdUwzqiabpYI7EuGZJJABQIAAAC4aKtYciAJxDGTBlcqOdCPVCAAAACAixa9hOmUCYQMySSBCgQAAABw0Vb2MqW6nYL88BImt+1QqeRAP1KBAAAAAC7aqtWBfavqTa3M36Fc2+5kSCYJVCAAAACAizZewtTW04+oQ011vAQilRzoRyoQAAAAwEVzEgibJEjFwUkmukZVVTMmAIeSIZkkUIEAAAAALtr4G4hN3U6BviQN428g0pWJfaSSA/1IBQIAAAC4aNyJGgAAAEAx7kQNAAAAoBgVCAAAAADFqEAAAAAAKEYFAgAAAEAxKhAAAAAAilGBAAAAAFCMCgQAAACAYlQgAAAAABRbNVX6jtO5tn2lkgP9uGsFortRq+19MP5e3b56EYyjjTbaztM2iL43AQDANVhVTRcN9CV5SLUdQoZkkrBjBeLu1TN192F6vu0kYJmCG/OcNtpoO0ebK3xvAgCA6xG/hKmtT5I8iFRyoB93qUBEznButyu12kzWr9/QRhttZ2obUX0AAOCqrcwlShtVt1OQ3zW1qutquHzJbzuUDMkkYYcKxHabOMMpwUsusKGNNtpO19ZLvjcBAMBVWLU6sG9VvamV+fu9amtJHOxzv+1QqeRAP5ZWID68UOvYGU4Zv7lR2/7v2SUUtNFG22nbbDvVBwAArtp4CVNbTz+UlgTCvYTJbTuUDMkkobACwRlO4DLx3gQA4Po5CYRTZegaVVXNGPR7bQdKJQf6saQCIWc4hx9wArggvDcBAPgojL+B2NStF+h3zfQbiLDtEDIkk4SCCoT8iPO2i28MgMfDexMAgI/D07oTNWc4gcvEexMAgI8Gd6IGAAAAUOxpVSAiGwAAAADgfKhAAAAAAChGBQIAAABAMSoQAAAAAIpRgQAAAABQjAoEAAAAgGJUIAAAAAAUWzXVcLfpTaWaToL8VtX2DtQXeCdqT3ejVtv7YPy9uk3e0CrXltLPs1mplfZM3X2ITfMEyI2+NjdqG2s7Bb0+u99Wav36TXy6czj3tu9B7uJs9tWl9PPA91H0vQkAAK7Bqmq6IMjvE4iqmZ53jaqOmECkkgP9uGMF4u6VH9BvOwlYpuDGPF9uy7l7tVK33fBcB6IXmkRI3y4oYHv3+tm0307twrb9EHevHj+BOMb7KHxvAgCA67F4CVPXVKpu4237kCGZJOxSgYic4ZzO4s7Peufakvp1zKYbxpnlDcGe9EWW65yVlQB6XJ8zXgdfenwfYHX2LP0UNKbmM+OfqXWf0Jh2J0Cz63c5+yZ1dju7zLE93pYjSdc0X88Gm5l9ttSXab+ZttvtjWnfc9s1r0oyrW+xL958/fFQHPQntsGZJpZAeK+Ddyz1cn3Zs5+590qubSSvyZUkdAAAYG5lL1NKJQlNVas2Mn5fqeRAP+5QgdhuEwHtEFAmA5tUW4QEbrOz6M7Zbj/Ym87Kat392CbLCddpArFhG/p+je2Z+fQ8NjALgzSnXymx4DS5TFmeuz3h8wXRfdfL7bPc9mUrQXttuwTzwTKcJCPXF+/Yk7ZYchJRUs2KvUb5YyLdl337qenp93sfJd+bAADgKqxMciC/e4gkCke+fEnIkEwSSisQqYDRCQJnl1Dk2hIOSSBkXgmyrDDYSgVZufn8eYKEJbVPHPEEIr7MsB9G2X4T0X3XyycQie1b2rZ9tr0PgsPXxO1zdl8PAbQV286Zgj6K2GuUPZZyfdmnn0L6uu/7qHA7AQDA0zVewtTW9kfUjrZW899IHCaVHOjHwgpEKvg+uoUgMxkMO0GWfh5ZTnQbFubLBrUFgdsuCUSsz7u46gTCJetOtbkK+ihm/ZT5Fo6lUa4vpf08UPS4BgAAV8VJIOYViGhScSAZkklCSQXiTIGQ5Z1lDYI5t01f92/7JdM5waK0FScQmfmyQa23X/q2yBnnnRIIvYz59KXSCURin/Vy2xee7ZZLjMZ9s9e2+8sPpyneL96687LbME4T9DN7TOT6sn8/93aOdQAAgEc3/gZi/q9ag//GdCSp5EA/FlQgJOiKBaYnI0HReBmIHwDK2WB7ecj69QsduNpr5fU19LatDxzlUffbW97Q7iUJ8fmmy1gkKJTgcJjOCS69eb0gcxpvmO1YXKazfdN0Zl1pkfW5QWViny32JdxvznaLXbdd2qd1Gna+fF/myyw+HpPbkO9n8ljK9uWAfu5J+nnqdQAAgMf3tO5E/UhnOPWZcgnCZN0SAAfBK/DRe6T3JgAAOD/uRL1EEoYhMDJngoMqBAAAAPAReVoViMgGAAAAADgfKhAAAAAAilGBAAAAAFCMCgQAAACAYlQgAAAAABSjAgEAAACgGBUIAAAAAMVWTTXciXpTqaazgX6ranuH6iPfjTqVHOjHXSsQ0Zu63avb5A2taKONttO2DbjhIgAAV2tVNd0syG/rjapb83fXVCo2zb5kSCYJO1Yg7l75N3XbdhKwTMGNeU4bbbSdo80VvjcBAMD1iF7C1NZONaJrVFW3s2n2lUoO9OMuFYjIGU5zp+jJ+vUb2mij7UxtI6oPAABctZW5fGmqOGiSNNhLmLxLmw4nQzJJ2KECsd0mznBK8JILbGijjbbTtfWS700AAHAVVq0O7OU3D7Uyf8tlS7X3e4jWTS4OlEoO9GNpBeLDC7WOneGU8Zsbte3/nl1CQRtttJ22zbZTfQAA4KqNlzC5ly011ZRM6OTiiJcwyZBMEgorEJzhBC4T700AAK6fk0BMSYP797ETiFRyoB9LKhByhnP4ASeAC8J7EwCAj8L4G4iNmyS09fD7B8P7fcSBZEgmCQUVCPkR520X3xgAj4f3JgAAH4endSdqznACl4n3JgAAHw3uRA0AAACg2NOqQEQ2AAAAAMD5UIEAAAAAUIwKBAAAAIBiVCAAAAAAFKMCAQAAAKAYFQgAAAAAxahAAAAAACi2aip7x+lKNd0U6E/ja9U6CcChZEgmCVQgAAAAgIu2qppuFuR3TaXG8W2tNnU7m2ZfqeRAP1KBAAAAAC5a9BKmtg6rEcerQsiQTBKoQAAAAAAXbWUuU9qoup2C/FkFIri86RCp5EA/UoEAAAAALtrKVBZaVXu/dZDn028jqup4CYQMySSBCgQAAABw0cZLmMLLllzHvIQplRzoRyoQAAAAwEVzEoh4kuBdznQEMiSTBCoQAAAAwEUbfwPh/qclSRrG8VXjJQCHSiUH+pEKBAAAAHDRuBM1AAAAgGLciRoAAABAMSoQAAAAAIpRgQAAAABQjAoEAAAAgGJUIAAAAAAUowIBAAAAoBgVCAAAAADFHq8CIdWGiPEGdg6bRMQ2AAAAAMD5RO9ELdraBvC1ap3xhxorCn2y8Omnny6SPtghtgHa28/VWucfX6htrH3RZ+p29aW6extrO4Vjr++X6m5tc7Bzbsfcu5fP+j6sAs9O2qftc7uem+D1v+/3s9uP3vN7p/0U3HWedrtP6u2L/j0V7s9Lc8r3rSz78PfTJb0fpvGT2wd/3uMZ3gfrF974u/6DOhyXlDgGU9u3775e6lP68+Vw754rtem/t95F2gDgkpkKRNeoykkguqaaEoq2VlXTjW2HksFWIGLJQmxcUQVCJxEfawIx0Pvg8RMIE5T0AcTwpbx9fp5A+m4d+YKXIMRJGiQYOF3QZIKRcfk6ALrQJCLYL0/Tqd+3hy//0t4P/rolyD9+UDx6uFHrtd3+yPMDhdu3/76eps+Jfr4c6JM1yQOAp0knEJIw1O0U5DeVW3VoVV01Y9uhchWIVAJhB/9Mu3ASBptAPHwxtntfVM54bf25+eAeqxf5ttsHe0bSLjfTF22a3hgCkdz6FiWWadujCcRCP1P7ZaltUfxL2T9LaL/cJZCx43p9YKvPCg7t9gyhewY1FoSUJBA6iHn5Rv/t9SXsaz+dbVu/fGH6Nywnvg3+st3lyDjT96F/dtnOOtN9sfumX8+DJCTOcjLzmfHP+oBtaAv6Oc5jBUmWGT8P0JLLHNvjbVnBcWZf23cvvxzG9cf0w/S+Wb/85fL7KLpM+15wlxe8X5z5zHveab+C98MsgSg6Bns6Gbbrk0QgcQy6r7sc+8+FObbuJHno1z+9vun1pY5BVzqgL9jXXruZ3m0v3Z/JbS9EAgHgqdIJhJ8wLD8/hAzHqkDoAOP5Z+a5DSiC5+aLIBIIeF/+QbvHCcBl2TKvXYfD68sQ6OtAZ3zuLj+3vpSlZfaiCYRv3k9nem+/5NpKRL7EJQhxx7nPdYBivqAlQNKB+BiQDwHVGOTK8/mXdUkCIV/4Y3DwcD9OL+PH4N/pizy3AdvYltgGb9lu+xhAuf0L9k+qLwMTUA3bPO6X/Hx6HrvtkjQ4+yHcLzHxADSxzMx+ydJBeXCcRZ+b49/fv5H3gDdP7LmZZ/18OJalzR7XwXzb5/K+9+fzlvkE3w9u0jELlLPHkp8YjIF9bhuG/up+yPi+v957ZOGYF9H39CDdFtnXIrm+YX+O8xTuz9y2FyKBAPBUrcLLl8QpE4iwAiEJQoptt4N0eDor6QT1sjGR4HkKlkuqBf68k2HeVNIQ68ticJFbX0JJwJJIIJL9zO6XpX22ZP4lLl/abvBiDF/UQ4Ah041f1F7AFHx5j23TuGhAIct11+f0KeyPXZ4X5NhlDPPltmE2n5033C7N3z+pvlipSzFy8+XONrv9Sontz9Qyc/vFnT9kgvS5KVGWZZvj1x1nxN9H+WXKPE4iot8z5tjW87nvc+/9dB3vh9nr16/T7ovsMdgv321LzWMM67B9GuaVeWT6ovUNou/pQbptvq9Fen377c/stjvTpX2mvtYfRyQQAJ6iVew3Dn7CcNxLmGTYuwKhzxBOX9xTgtA/dwIBu3Feu2aCh37V3nLyAb0JHMaAw8r15ZISiFw/R6n9stSWE/kSj3wpj5YCpoJlRQOKVKAs492gwVmeG+SM09r157Yh0uYuy++fs02ZvljRBGJhvnMmENn9kqGD9oXjWqZZr/vjdjZd/H2UX2YwT5BA+ElKbPlP+/0wO47sfAXH4EimLXndnbbtg9mW8f1QuL7oe3qQbovsn+z6+undtlm7MVtfbtsLfNJ/r3wt/F4BgCdi1daVajo/yO+aehrXNao+4o+owwpEmCzExtlBB79jYDB8kXsJhBsAmHb9ZRUG37NA208S/EAinkBk++Kue5g+t8x54BKztMxeJIHI9jO3Xxb32ZLIl3jsi9paCpj648X9so4F1NGAwllubvx4mYhtc/quL/sYn2e2oSfXeY/9CoIWt212WVSqL4NkApGZbzGB8LZpft13bH+ml5nfL0k6wXWPa/84n45f857x3yeJ91F2mfK3cxzr43pIBPR8U1Kg131l74dwOjm29X7JHktBP2fHTmIbIgG2l0AsHPNmfGLZvXRbZF8vbp+/fu99PI4L15fZ9iJUIAA8XatodUEua+oDdwneN5t5gnEIGfauQAwBgwQH8kV/p7/g+7/XX/Zf5sG43hhsDAGFawouBu40TqBggoj5+GRfgoQmPm8vsb6s1DIj2yfMNmb6mdsvJfssIX+d9Y3XZq6lNl/g8ly+xOXLXQfXw7S3DyYg0OPtfGMwMM07sV/+QZsTQAi3n/LfYeTR9tW7POH5jR+QRLdhaJNAZRwfBCHOfOEPs5N98ZY3tDuBTmq+qf/+/nX3gTdvEEzZ8YbZjsVl5vZLTnis6ePaPW4lUB+S37E9Mm9q/Njmvxe27vNhXvf9vn75+bDOfv0vn/77IeyHljoevPfDfJmL2+Aet7NjfN6fpfUl39NeW35fp9Zn96+7P0veD7p932N+wG8gADxVj3Yn6v6TdpYsxLgViNgG4GPQf4m7Afy5BWcvl4yBiA36dpgXWPbI7wccDQkEgKeKO1Hj4rlnBr0zn6fknVl0zjgukfmG4M6c8dxhXqDAo7wfcBLcSA7AU/VoFYjoY/+FmGqXIbYBAAAAAM7n8SoQkUdJIGRItcc2AAAAAMD5PKkKxHRJCQAAAIBHEQvyT0mGZJLQd0iGVHssAwIAAABwPvwGAgAAAEAxKhAAAAAAilGBAAAAAFBsNd5voW6dQL9VtR5fq9YJ/o9BhmSSQAUCAAAAuGimAtE1qnISiKbaqLqVx+MnEKnkQD9SgQAAAAAumk4guqbSCUMY7J8igZAhmSRQgQAAAAAumk4gUokCFQgAAAAArlV4+ZKLCgQAAAAA1+p9W6uq6aLBPhUIAAAAAK5VW1eq6eLBPhUIAAAAAK5VXTWzIF/+C9P4712P/O9cU8mBfqQCAQAAAFw07kQNAAAAoBh3ogYAAABQjAoEAAAAgGJUIAAAAAAUowIBAAAAoBgVCAAAAADFqEAAAAAAKEYFAgAAAEAxKhAAAAAAiq3Gu03XrRPot6oe70Jdqabzk4BDpJID/UgFAgAAALhopgLRNapyEoim2qi6HYL+tlabqhnbDiVDMkmgAgEAAABcNJ1AdE01JQwzraqPmECkkgP9SAUCAAAAuGg6gWiqWrVBoG/lk4vdyZBMEqhAAAAAABdtFV6+5JLk4ZiXL4lUcqAfqUAAAAAAF20lv3Gomm4W6Lf15ujJg5AhmSRQgQAAAAAu2qqt5/9lSX5E7f9XpuNJJQf6kQoEAAAAcNFWsx9IyyVN479wtdK/kdiVDMkkgQoEAAAAcNG4EzUAAACAYtyJGgAAAEAxKhAAAAAAilGBAAAAAFCMCgQAAACAYlQgAAAAABSjAgEAAACgGBUIAAAAAMWoQAAAAAAothrvNl23XqDf1vYu1JVqOj8JOIQMySRh1wpEd6NW2/tg/L26ffUiGEcbbbSdp20QfW8CAIBrYCoQXaMqJ4HQyYN93taz5OIQqeRAP+5Ygbh79UzdfZiebzsJWKbgxjynjTbaztHmCt+bAADgeugEomsqVbfxgP/YCYQMySRhlwpE5AzndrtSq81k/foNbbTRdqa2EdUHAACumk4gmqpWbRDo66qEvoQp0naAVHKgH3eoQGy3iTOcErzkAhvaaKPtdG295HsTAABchVV4+dLMJVYgPrxQ69gZThm/uVHb/u/ZJRS00UbbadtsO9UHAACu2koShKrposG+Fa1Q7CmVHOjHwgoEZziBy8R7EwCA67dq6/C/LLWqdv/zklQgqsZpP4wMySShpAIhZziHH3ACuCC8NwEA+Cis6lhyMP7+4fj/xjWVHOjHggqE/IjztotvDIDHw3sTAICPw9O6EzVnOIHLxHsTAICPBneiBgAAAFDsaVUgIhsAAAAA4HyoQAAAAAAoRgUCAAAAQDEqEAAAAACKUYEAAAAAUIwKBAAAAIBiVCAAAAAAFFuZu0336nYW7HdN1bfVqg3GHyKVHOjHXSsQ3Y1abe+D8ffqNnlDq1xbhCx/s+rdqK3Mq/8O7rYrN9DS7c64p0Zvg9k2sX79Jj7dOTyB/Sl3XJ6Oi/g053XgMR99HwEAAMSZCkTXqGqWQLSqrhrVVMdNIGRIJgk7ViDuXj1Tdx+m59tOgqApYDLPl9tytltnHRLcHiPQOtZyjuTd62d+UnRKF7bth7h79fgJxDGO+fB9BAAAkKMTCKk01K0f6Ntxx04gUsmBftylAhE5azqdGZ6fSc+15eQSiOyZaH0mfWpf22BzrGo43O3w5nMDuz4QtOM6O02wTHumOXyecfdKluOwwabetvjyJeGQfqzHecMA1PbVtN1ub0z7wraX789pfYt9Sb0OixLb4EwTSyBMf4b5wv2f68ue/Tz4mJfX5EoSOgAAcB46gZglCVKRqBr996VWILzA3jUEqclgKdWWEAZhsWArFkh6/dPrDYLFaNAmQasznw4q/WWb/gzT9Mu12xLuj+T+iUhVIPztms5kC90Puw1BECpJybg8vQ3BNi0ErPP9md8vub5kX4eM7DaM00SW1d2P42S/+gF9ui/79lPT0+93zO9ynAAAAIhV7PKltq5U05m/L7ICkQpCncBydllGri3DC7AS640Hkjc6cLNmv5uI9b+fJwz0wuA+GfC5y0wtP2G/BMLth9O2tO6Cvs3258J+SfZF5F6HlML9F3vdpV/u+rx+5/qyTz+F9HXfY75wOwEAAFyr922tqqbzgvymGn5YbQ3ViGOQIZkkFFYgznnWdO8EwiXzuUFtKnA7JIHo2SAxlRCkXHUC4Qpfh5SCPopZP2U+t3IQ6fco15fSfh7onO8jAABwPVZutSHm4ioQZwqurP0SiD6IdQPJsM/ec5nWnnGeB7/hsrNBnw5YX6QD6IR0AjGtS/9WwlluLmgPz3bLJUZjIJ3c9kl0f2b2S7ovsvzM65CR3YZxmqCfwfEh+2yaJ9eX/fu5t3OsAwAAXKWV/KelWKCv/wvTBVYgJJCLBbunIIG1uaREgjsJ8szlJSYonJ5PbNA5bwv7rK/bH9rcwHRaZ9AmAZ8z3mtz+EHrksg2uEGlc1mNTkzk7z5ATu2X8bcHYV+DpCu+7bn9md4v+b4svw5JyW3I99Pbtj4JkUezzlxfDujnns75PgIAANflad2JmrOmi+Zn74EA7yMAAHAA7kR9FYIz2MEZfwAAAOBYnlYFIrIBAAAAAM6HCgQAAACAYlQgAAAAABSjAgEAAACgGBUIAAAAAMWoQAAAAAAoRgUCAAAAQLGVvtO0qNsxyO+ayowbVE3nJQGHkCGZJOxagZA7Jc/ueXCvbpM3yaKNNtpO2zaIvjcBAMA1MBWIrlFVkEAcM2lwpZID/bhjBeLu1TN192F6vu0kYJmCG/OcNtpoO0ebK3xvAgCA66ETCEkY6nYK8k+ZQMiQTBJ2qUBEznBut87dmHvr129oo422M7WNqD4AAHDVdALRVLVqnSA/vITJTS4OlUoO9OMOFYjtNnGGU4KXXGBDG220na6tl3xvAgCAq7AKL1+aa1W98ROMQ8iQTBJKKxAfXqh17AynjN/cqG3/9+wSCtpoo+20bbad6gMAAFdt9b6tFy9XCisUh0glB/qxsALBGU7gMvHeBADg+q3aulJN5wb5UnFwxkmFomqc9sPIkEwSSioQcoZz+AEngAvCexMAgI/Cqo4lB5I0jL+BCBOMw6SSA/1YUIGQH3HedvGNAfB4eG8CAPBxeFp3ouYMJ3CZeG8CAPDR4E7UAAAAAIo9rQpEZAMAAAAAnA8VCAAAAADFqEAAAAAAKEYFAgAAAEAxKhAAAAAAilGBAAAAAFCMCgQAAACAYitzt+le3c6C/aY6/t2oU8mBfqQCAQAAAFw0U4HoGlUFCYQkD1XTeeOOQYZkkkAFAgAAALhoOoHomkrVrRPot/VJkgeRSg70IxUIAAAA4KLpBKKpatU6QX7X1Kquq+HypY2fXBxIhmSSQAUCAAAAuGir2OVLbS2Jg00qWlWPfx8ulRzoRyoQAAAAwEVbxS5XkgTCHdfWx/sRtQzJJIEKBAAAAHDRVtHkQKoSVTM+b2sqEAAAAAD6BKJ2EgWX/LA69y9e9yVDMkmgAgEAAABcNO5EDQAAAKAYd6IGAAAAUIwKBAAAAIBiVCAAAAAAFKMCAQAAAKAYFQgAAAAAxahAAAAAAChGBQIAAABAsUerQOhkIWK8eZ3DDrENAAAAAHA+qzFQH+823araCd79tsPJoJOIPln49NNPF8n6FysQbz9Xa51/fKG2sfZFn6nb1Zfq7m2s7RSOvb5fqru1zcHOuR1z714+6/uwCjw7aZ+2z+16boLX/77fz24/es/vnfYje7hx+jGt+/bBmebti/5YDfv5MTjle0yWffixf0nH7jR+4h1HRzUcq+sX3vi7/kM1HJeUOK5T27fvvl7qU/qz4HDvniu16b9j3kXaAOBjYyoQXaMqN4Gomino99oO51YgYslCbJwdYhsw0knEx5pADPQ+ePwEwgQ6fVAyfNFvn582CLPu1pGgQQIbJ2mQAON0gViwrcG693as5TyqU7/HDl/+pR27/rolyD9+UDzqk9/12m5/5PmBwu3bf19P0+dEPwsO9Mma5AEALJ1AdE2l6jYe8Ofa9iFDqgKRSiCmCoR7pl04CYNNIB6+GNu9Lz9nvLb+3HwZjNWLfNvtgz3LaZeb6Ys2TW8MwU1ufYsSy7Tt0QRioZ+p/bLUtij+Re+febQBgwRHdlyvD5b1mcah3Z51dM/KxgKbkgRCB0Yv3+i/vb6EfR2rCat++hemf8Ny4ttg5BKI7NlRmXZcpgRvwzROP0bu9njzuX2x+7Qf92CnCZZptzl8nhMcE/Z1ePfyy2Fcf/w9TMf4+uUvh+NymkfLHGf++8tdXnBsO/OZ96fTfgXH7iyBcPqUPXZTx1I4n3u8yPviuTDH1p0kD/36p9c3vb6Ss/7pgL5gX3vtZnq3vXR/Jre9EAkEAEx0AtFUtWqDQN/Kte3jmBUIHbQ8/8w8t0FK8Nx8uUSCCy+gCNo9TgAuy5Z57TocXl+GQF8HT+Nzd/m59aUsLbMXTSB8834603v7JddWIhIYSGDjjnOf66DHfOlL0KWDfAlqdLA/BGlj4CzP5wFASQIhQcQYcDzcj9PLeJtYuH2R5zYIHNtS29BzA0XNDfYHi8GiDuidaYJtmAT7Iei3MP0Zphn3Zxiczp9H6aA8OCaiz82x6gd2kePVmyf23Myzfj4cd9Jmj8Fgvu1zeY/683nLfILHbngsefszdez2ksdSbhuG/up+yPi+v0XvFUf0/TdIt0X2tUiub9if4zyF+zO37YVIIABgsspeonTky5eEDG4FQhKEFNs+VSDky8Se6XSCetmYSPA8Bcsl1QJ/3skwbyppiPVlMWDJrS+hJAhKJBDJfmb3y9I+WzIPDCQQcAMiY/jyH4IWmW788veCsCAgcIJhKxqkyHLd9Tl9Cvtjl+cFTnYZw3zZbejbveDN2SZXtJ860JuWOVt/LIGI7IOw78nEwF1mavkBE6TPTUmtrN8ca+44I37M55cp8ziJiD6+zXGo53Pfk96xfx3Hrv/ayXKm4yJ17GqJYym7DbZPw7wyj3ssZdc3iB7Xg3TbfF+L9Pr225/ZbXemS/tMfa0/jkggAMBYvW9rVTVdNNjPtu3poAqEPus4BQNTgtA/d4ILu3Feu2YCkn7V3nLyAb0JRsYgxsr15ZISiFw/R6n9stSWEwkMIl/0o6UgrGBZ0SAlFRzLeDcQcZbnBk7jtHb9uW3o7Z1AuNz12eexbYj0Jex7MoHoyWUq0jbb3gQdtC8cgzLNet0fY7Pp4sd8fpnBPEEC4ScpseU/7WN39trZ+WR9iWN3xj2WctM5bdsHsy3jcVG4vtxxnW6L7J/s+vrp90ggstte4JP+O+BrBe8RAPhYrNq6Uk0XD/ZzbfuSwa1AhMlCbJxNOnTwOwYbQ3DgJRBuUGHa9RdgGHzPAm0/SfCDk3gCke2Lu+5h+twy58FQzNIye5EEItvP3H5Z3GdLIoFB7MvfWgrC+uPFDQBigXE0SHGWmxs/Xnpi25y+60tJxueZbejtl0AEywzW7z83+8IcB/3fwT4Ol51LIMz+fRF5nRJ0Muoeg/4xOR1r5vj2j+nEMZ9dpvztHHP6GBwSAT3flBTodV/ZsRtOJ8eh3i/BceUdu2E/Z8dOYhsiAbaXQCTXN4m+/wbptsi+Xtw+f/02EbbPzbhwfZltL0IFAgBcK+8/LnmC/8Z0JAdVIIYgRAIOCR7udNDQ/73+sg8QgnG9MYAZghTXFLAM3Gmc4MMEJvPxyb4ECU183l5ifVmpZUa2T5htzPQzt19K9llC/trtG6/NXJ9tggJ5LoGBBAw6YB+mvX0wQYYeb+cbA4xp3okNKII2JygRbj/lP87Io+2rBE/TfDd+kBPdBnee+Tbt1M9euK+9vjrBk9dPt02CMGe81+ZIBYNJ4XGhj0H3GJNAfUhUx/bIvKnxY5t/3G7d58O87ntz/fLzYZ39+l8+/WM37IfmHL/pY3fhWIptg3usDOuYlj/vz9L6csf11Jbf16n12f3r7s/p+M2vL/W+tetcwm8gAGDyeHei7j/Aw2Qhxq1AxDYAH4M+MHAD+HMLzohek9xZYxzDIx+7OBoSCACYcCdqXDz3bKN3NvWUvLOVzlnMqxCcqb3S5OgSPMqxi5PgRnIAMHm8CkTksf+W1Q+p9tgGAAAAADifR6tARB/7BCLVLkNsAwAAAACcz5OqQIyXXAAAAAB4HLEg/5RSyYF+7DuUapchlgEBAAAAOB9+AwEAAACg2Oqzzz5TAAAAAFBi9dWvflV94xvfUD/84Q9V27bqK1/5ivrVX/1V7dWrV57UeAAAPlb2u9El36XynSrfrQBwbVZ/+7d/qx4eHtSPfvQj/YEnlxn90z/9U/SmbgAAYJl8t8p3qny3AsC1Wf3sZz9Xv/Ebv6F+8pOfqF/7tV9T//zP/9x/+JkE4h//0fcP//CPWjgeAICPlf1uFL/4xT+on/3sZ72fq//rV35Ff7cCwLVZ/f3f/1T95m/+pvrpT3+qfv3Xf1390z9JAiEfiP/QfxD+AsAjkwBF3pci93dsXgDnJYnDT37y90q+WyWBkO9WALg2K8ki3ARCqg/mDMrP9QcggMclycH/9q/+lfo//s2/if79K//u3+m/Y/MCOC9JHj783Y/1GToSCADXKpJAfKp+9vNfDB+E/x+ARyaXRfzv//pfq/o//Ifo3//3f/yP+u/YvADO6+9+/BP1o//1of+bBALA9VrJPRbcBELOZP70pz8zH4R/92MAj0wui/g//+2/Vb/3e78X/fv169f679i8AM7rf/XJw/v3P9L3LyKBAHCtVj/4y7/0Eogf//gn6m/+5ofqBz/4K/Xd734fwCOTYMQmDbG/JYGQv2PzAjivd+++q77952/Vf//BD0ggAFyt1fe//wMvgZAzKP/jf/y/6nvf++/q7du/APDIfvjD/zkmDbG/JYGQv2PzAjivP//zTr1582f6O5QEAsC1Wn3ve9/3EogPH/5OVx+67rvqz/7sOwAe2V//9d+o6t//e/UHf/AH0b+/+c1v6r9j8wI4rz958231x3/8J+q73/0eCQSAq7X6i7/4npdAyPWb3/veD9S3v/1Wfetbfwrgkf3VX/21/qH0t771rejf3/nOd/TfsXkBnJckD9/4xjf1pUwkEACu1ap79xdeAvG3//O9PovyX//rf9MfggAelyTz3//+X2q5v2PzAjiv//Jf/kh98kmr3nbvSCAAXK3V27edl0DImcw//MNvqNev/x/1n//gDwEAQIn//Ifq61//RP2n//Rafec7b0kgAFyt1Te/+d/UV77yFfXzn/9c/c7v/I761rf+RP8I7E//9M/1D8EAAMBu/uiP/lj91m/9lv5uBYBrs/rqV7+qvv71r+v/I//tb39b/e7v/q4+awIAAPbz27/92+r3f//39XcrAFyXX6j/H1+qD4LVX+mgAAAAAElFTkSuQmCC" data-filename="zusatzinfo.png"><br></p>', '2017-01-07', 9, 7, 'Blogeintrag', 1, 'Giraffen'),
(13, 'Elefanten', '<h4><span style="background-color: inherit;"><font face="Courier New"><b><u>Das sagt Wikipedia über Elefanten:</u></b></font></span></h4><p>ie <b>Elefanten</b> (Elephantidae) (<a href="https://de.wikipedia.org/wiki/Altgriechische_Sprache" title="Altgriechische Sprache">altgr.</a> ἐλέφαντ- <i>eléphant-</i>, Stamm von ἐλέφᾱς <i>eléphās</i> ‚Elefant‘) bilden eine <a href="https://de.wikipedia.org/wiki/Familie_%28Biologie%29" title="Familie (Biologie)">Familie</a> der <a href="https://de.wikipedia.org/wiki/R%C3%BCsseltiere" title="Rüsseltiere">Rüsseltiere</a>. Diese Familie umfasst alle heute noch lebenden Vertreter der Rüsseltiere.\r\n<br></p><p>Elefanten sind die größten noch lebenden Landtiere. Schon bei der Geburt wiegt ein Kalb bis zu 100 Kilogramm. Die <a href="https://de.wikipedia.org/wiki/Tragzeit" class="mw-redirect" title="Tragzeit">Tragzeit</a>\r\n ist mit 20 bis 22 Monaten die längste aller Landsäugetiere. Je nach Art\r\n kann ein Elefant im Durchschnitt zwischen 2&nbsp;und 5&nbsp;Tonnen Körpergewicht \r\nund eine Größe von bis zu 4&nbsp;Metern erreichen. Das größte Exemplar war \r\nein am 4. April 1978 im <a href="https://de.wikipedia.org/wiki/Damaraland" title="Damaraland">Damaraland</a> (<a href="https://de.wikipedia.org/wiki/Namibia" title="Namibia">Namibia</a>) erlegter Bulle, 4,21 Meter groß und 10,4 Meter lang.<sup id="cite_ref-1" class="reference"><a href="https://de.wikipedia.org/wiki/Elefanten#cite_note-1">[1]</a></sup> Der älteste Elefant lebte im Zoo von <a href="https://de.wikipedia.org/wiki/Taipeh" title="Taipeh">Taipeh</a> und wurde 86&nbsp;Jahre alt.<sup id="cite_ref-2" class="reference"><a href="https://de.wikipedia.org/wiki/Elefanten#cite_note-2">[2]</a></sup><sup id="cite_ref-3" class="reference"><a href="https://de.wikipedia.org/wiki/Elefanten#cite_note-3">[3]</a></sup></p><sup></sup><p>Falls ihr es noch nicht wusstet, so sieht ein Elefant aus:</p><p><img id="anon-image" alt="" title="" src="https://s14-eu5.ixquick.com/cgi-bin/serveimage?url=http:%2F%2Fvignette2.wikia.nocookie.net%2Felefanten%2Fimages%2F8%2F84%2FElefant3.png%2Frevision%2Flatest%3Fcb%3D20120731163129&amp;sp=b12841b57b86128680bc09f8d38f4445" style="width: 25%; float: none;"></p>', '2017-01-08', 9, 7, 'Blogeintrag', 1, 'WIkipedia Eintrag über Elefanten'),
(14, 'Brasilien', '<p><b>Brasilien</b> (<span style="font-style:normal;font-weight:normal">portugiesisch</span> <span style="font-style:italic" lang="pt-Latn"><i>Brasil</i></span>, gemäß Lautung des brasilianischen Portugiesisch [<span class="IPA"><span title="Aussprache im Internationalen Phonetischen Alphabet (IPA)">bɾaˈziu̯</span></span>]) ist der flächen- und bevölkerungsmäßig fünftgrößte Staat der Erde. Es ist das größte und mit über 200 Millionen Einwohnern auch das bevölkerungsreichste Land Südamerikas, von dessen Fläche es 47,3 Prozent einnimmt. Brasilien hat mit jedem südamerikanischen Staat außer Chile und Ecuador eine gemeinsame Grenze.</p><p>Die ersten Spuren menschlicher Besiedlung durch Paläo-Indianer reichen mehrere tausend Jahre zurück. Nach der Entdeckung Amerikas und der Aufteilung des südamerikanischen Kontinents durch den Vertrag von Tordesillas wurde Brasilien eine portugiesische Kolonie.\r\n Diese mehr als drei Jahrhunderte andauernde Kolonialzeit, in der \r\nEinwanderer verschiedenster Herkunft (freiwillig oder gezwungenermaßen) \r\nnach Brasilien kamen, trug erheblich zur ethnischen Vielfalt des \r\nheutigen Staates bei. Nach der im Jahre 1822 erlangten Unabhängigkeit, \r\nauf die eine Zeit der konstitutionellen Monarchie folgte, wurde das Land 1889 als <i>Vereinigte Staaten von Brasilien</i> zu einer Republik. Nach der Zeit der Militärdiktatur von 1964 bis 1985 kehrte das Land zur Demokratie mit einem präsidentiellen Regierungssystem zurück.</p><p><br></p>', '2015-08-03', 1, 4, 'Blog', 1, 'Wikipedia Auszug für das Land Brasilien'),
(15, 'Das Nilpferd - Steckbrief', '<p><b>Name</b>: Nilpferd               <br>\r\n<b>Weitere Namen</b>: Flusspferd, Hippopotamus <br>\r\n<b>Lateinischer Name</b>: Hippopotamus amphibius  <br>\r\n<b>Klasse</b>: Säugetiere <br>\r\n<b>Größe</b>: 3 - 5m  <br>\r\n<b>Gewicht</b>: 1000 - 4000kg   <br>\r\n<b>Alter</b>: 20 - 40 Jahre   <br>\r\n<b>Aussehen</b>: grau  <br>\r\n<b>Geschlechtsdimorphismus</b>: Ja <br>\r\n<b>Ernährungstyp</b>: Pflanzenfresser (herbivor)  <br>\r\n<b>Nahrung</b>: Landpflanzen, Wasserpflanzen   <br>\r\n<b>Verbreitung</b>: Afrika  <br>\r\n<b>ursprüngliche Herkunft</b>: Afrika <br>\r\n<b>Schlaf-Wach-Rhythmus</b>: nachtaktiv <br>\r\n<b>Lebensraum</b>: Flüsse, Seen  <br>\r\n<b>natürliche Feinde</b>: /    <br>\r\n<b>Geschlechtsreife</b>: 3 - 8 Jahre     <br>\r\n<b>Paarungszeit</b>: ?  <br>\r\n<b>Tragzeit</b>: 230 - 240 Tage  <br>\r\n<b>Wurfgröße</b>: 1 Jungtier <br>\r\n<b>Sozialverhalten</b>: Herdentier  <br>\r\n<b>Vom Aussterben bedroht</b>: Ja  </p><p><br></p><p>Quelle: http://www.biologie-schule.de/nilpferd-steckbrief.php<br></p>', '2017-01-19', 9, 7, 'Blog', 1, 'Steckbrief eines Nilpferdes');
INSERT INTO `article` (`id`, `header`, `content`, `publicationdate`, `page_id`, `author`, `type`, `public`, `description`) VALUES
(16, 'Nashorn', '<p>Die <b>Nashörner</b> (Rhinocerotidae) oder auch <b>Rhinozerosse</b> bilden eine <a href="https://de.wikipedia.org/wiki/Familie_%28Biologie%29" title="Familie (Biologie)">Familie</a> der <a href="https://de.wikipedia.org/wiki/Unpaarhufer" title="Unpaarhufer">Unpaarhufer</a>\r\n (Perissodactyla) mit heute noch fünf lebenden Arten. Sie sind \r\ncharakterisiert durch einen kräftigen Körper und kurze Gliedmaßen mit \r\ndrei Zehen sowie einen großen Kopf, der bei allen heute lebenden \r\nVertretern eine markante Bildung bestehend aus einem oder zwei – für die\r\n Familie namengebenden – Hörnern trägt. Die Familie stellt eine der \r\nvielfältigsten und erfolgreichsten in der Geschichte der <a href="https://de.wikipedia.org/wiki/S%C3%A4ugetiere" title="Säugetiere">Säugetiere</a> dar und war während ihrer vor nahezu 50&nbsp;Millionen Jahren beginnenden Entwicklungsgeschichte über weite Teile <a href="https://de.wikipedia.org/wiki/Eurasien" title="Eurasien">Eurasiens</a>, <a href="https://de.wikipedia.org/wiki/Afrika" title="Afrika">Afrikas</a> und <a href="https://de.wikipedia.org/wiki/Nordamerika" title="Nordamerika">Nordamerikas</a> verbreitet. Ihr Niedergang begann Ende des <a href="https://de.wikipedia.org/wiki/Mioz%C3%A4n" title="Miozän">Miozäns</a>\r\n vor rund 6 bis 5&nbsp;Millionen Jahren in Verbindung mit klimatischen und \r\ndamit einhergehenden Landschaftsveränderungen, die zum Aussterben der \r\nnordamerikanischen sowie zahlreicher weiterer Nashornvertreter im \r\nursprünglichen Verbreitungsgebiet führten. Gegen Ende des <a href="https://de.wikipedia.org/wiki/Pleistoz%C3%A4n" title="Pleistozän">Pleistozäns</a>\r\n gab es eine erneute Aussterbephase, während der alle nordeurasischen \r\nVertreter verschwanden. Überlebt haben die heute noch bestehenden \r\nNashornarten <a href="https://de.wikipedia.org/wiki/Breitmaulnashorn" title="Breitmaulnashorn">Breitmaul-</a> und <a href="https://de.wikipedia.org/wiki/Spitzmaulnashorn" title="Spitzmaulnashorn">Spitzmaulnashorn</a> im <a href="https://de.wikipedia.org/wiki/Subsahara-Afrika" title="Subsahara-Afrika">Afrika südlich der Sahara</a> sowie <a href="https://de.wikipedia.org/wiki/Panzernashorn" title="Panzernashorn">Panzer-</a>, <a href="https://de.wikipedia.org/wiki/Java-Nashorn" title="Java-Nashorn">Java-</a> und <a href="https://de.wikipedia.org/wiki/Sumatra-Nashorn" title="Sumatra-Nashorn">Sumatra-Nashorn</a> im süd- bis südöstlichen <a href="https://de.wikipedia.org/wiki/Asien" title="Asien">Asien</a>, die teilweise in ihrem Bestand durch Vernichtung ihres <a href="https://de.wikipedia.org/wiki/Biotop" title="Biotop">Lebensraumes</a> und <a href="https://de.wikipedia.org/wiki/Wilderei" title="Wilderei">Wilderei</a> (etwa durch bestimmte Vorstellungen in der <a href="https://de.wikipedia.org/wiki/Traditionelle_chinesische_Medizin#Artenschutz_und_Tierschutz" title="Traditionelle chinesische Medizin">Traditionellen chinesischen Medizin</a>) abermals stark geschrumpft sind.<br></p>', '2017-01-12', 9, 1, 'Blogeintrag', 1, 'nashorn'),
(17, 'Test', '<div style="background-color: rgb(0, 255, 255);"><p><span style="background-color: inherit;">Mein Artikel</span></p><p style="background-color: rgb(0, 255, 255);"><span style="background-color: inherit;"><br></span></p><p style="background-color: rgb(0, 255, 255);"><span style="background-color: inherit;">Ein kleiner tooler Artikel<br></span></p><p></p></div>', '2017-01-12', 9, 1, 'gest', 1, 'tETwet');

-- --------------------------------------------------------

--
-- Tabellenstruktur für Tabelle `ban`
--

CREATE TABLE `ban` (
  `id` int(11) NOT NULL,
  `user_id` int(11) NOT NULL,
  `reason_id` int(11) NOT NULL,
  `description` text NOT NULL,
  `begindatetime` datetime NOT NULL,
  `enddatetime` datetime NOT NULL
) ENGINE=InnoDB DEFAULT CHARSET=utf8;

-- --------------------------------------------------------

--
-- Tabellenstruktur für Tabelle `ban_reason`
--

CREATE TABLE `ban_reason` (
  `id` int(11) NOT NULL,
  `reason` varchar(255) NOT NULL
) ENGINE=InnoDB DEFAULT CHARSET=utf8;

--
-- Daten für Tabelle `ban_reason`
--

INSERT INTO `ban_reason` (`id`, `reason`) VALUES
(1, 'Benutzung von Schimpfwörtern'),
(2, 'Beleidigung'),
(3, 'Missachtung von Seiten-Regeln'),
(4, 'Spam'),
(5, 'Sonstiges'),
(6, 'Mehrmalige Falscheingabe des Passwortes');

-- --------------------------------------------------------

--
-- Tabellenstruktur für Tabelle `label`
--

CREATE TABLE `label` (
  `id` int(11) NOT NULL,
  `labelname` varchar(255) NOT NULL,
  `uri` text NOT NULL
) ENGINE=InnoDB DEFAULT CHARSET=utf8;

--
-- Daten für Tabelle `label`
--

INSERT INTO `label` (`id`, `labelname`, `uri`) VALUES
(1, 'italien', 'Italien.uri'),
(2, 'spanien', 'Spanien.uri'),
(3, 'portugal', 'Portugal.uri'),
(4, 'frankreich', 'Frankreich.uri'),
(5, 'belgien', 'Belgien.uri'),
(6, 'luxemburg', 'Luxemburg.uri'),
(7, 'deutschland', 'Deutschland.uri'),
(8, 'dänemark', 'Dänemark.uri'),
(9, 'andorra', 'Andorra.uri'),
(10, 'polen', 'Polen.uri'),
(11, 'schweden', 'Schweden.uri'),
(12, 'brasilien', 'Brasilien.uri'),
(13, 'bolivien', 'Bolivien.uri'),
(14, 'chile', 'Chile.uri'),
(15, 'costa rica', 'CostaRica.uri'),
(16, 'giraffe', 'uri.uri'),
(17, 'zootier', 'uri.uri'),
(18, 'südamerika', 'label.südamerika'),
(19, 'nilpferd', 'label.nilpferd'),
(20, 'steckbrief', 'label.steckbrief');

-- --------------------------------------------------------

--
-- Tabellenstruktur für Tabelle `label_article`
--

CREATE TABLE `label_article` (
  `label_id` int(11) NOT NULL,
  `article_id` int(11) NOT NULL
) ENGINE=InnoDB DEFAULT CHARSET=utf8;

--
-- Daten für Tabelle `label_article`
--

INSERT INTO `label_article` (`label_id`, `article_id`) VALUES
(1, 9),
(1, 15),
(4, 7),
(4, 8),
(5, 9),
(7, 8),
(8, 7),
(8, 8),
(12, 3),
(12, 14),
(14, 3),
(15, 2),
(16, 12),
(17, 12),
(17, 13),
(17, 15),
(17, 16),
(17, 17),
(18, 14),
(19, 15);

-- --------------------------------------------------------

--
-- Tabellenstruktur für Tabelle `label_user`
--

CREATE TABLE `label_user` (
  `label_id` int(11) NOT NULL,
  `user_id` int(11) NOT NULL
) ENGINE=InnoDB DEFAULT CHARSET=utf8;

--
-- Daten für Tabelle `label_user`
--

INSERT INTO `label_user` (`label_id`, `user_id`) VALUES
(1, 5),
(2, 9),
(4, 8),
(7, 1),
(7, 8),
(12, 5),
(15, 2),
(15, 5);

-- --------------------------------------------------------

--
-- Tabellenstruktur für Tabelle `logtable`
--

CREATE TABLE `logtable` (
  `id` int(11) NOT NULL,
  `logdate` date NOT NULL,
  `username` varchar(255) NOT NULL,
  `rolename` varchar(255) NOT NULL,
  `description` text NOT NULL
) ENGINE=InnoDB DEFAULT CHARSET=utf8;

-- --------------------------------------------------------

--
-- Tabellenstruktur für Tabelle `page`
--

CREATE TABLE `page` (
  `id` int(11) NOT NULL,
  `title` varchar(255) NOT NULL,
  `relativeposition` int(11) NOT NULL,
  `template_id` int(11) NOT NULL,
  `website_id` int(11) NOT NULL
) ENGINE=InnoDB DEFAULT CHARSET=utf8;

--
-- Daten für Tabelle `page`
--

INSERT INTO `page` (`id`, `title`, `relativeposition`, `template_id`, `website_id`) VALUES
(1, 'Reisen', 5, 11, 1),
(2, 'Fußball', 7, 11, 1),
(3, 'Witze', 8, 13, 1),
(4, 'Möbel', 9, 11, 1),
(5, 'Haus', 20, 12, 1),
(6, 'Auto', 30, 11, 1),
(7, 'Katzen', 17, 11, 1),
(8, 'Pferde', 13, 12, 1),
(9, 'Zoo', 2, 11, 1),
(10, 'Bäume', 12, 11, 1),
(11, 'Pflanzen', 18, 11, 1);

-- --------------------------------------------------------

--
-- Tabellenstruktur für Tabelle `role`
--

CREATE TABLE `role` (
  `id` int(11) NOT NULL,
  `uri` text NOT NULL,
  `rolename` varchar(255) NOT NULL,
  `guestbookmanagement` tinyint(1) NOT NULL DEFAULT '0',
  `usermanagement` tinyint(1) NOT NULL DEFAULT '0',
  `pagemanagement` tinyint(1) NOT NULL DEFAULT '0',
  `articlemanagement` tinyint(1) NOT NULL DEFAULT '0',
  `guestbookusage` tinyint(1) NOT NULL DEFAULT '1',
  `templateconstruction` tinyint(1) NOT NULL DEFAULT '0',
  `databasemanagement` tinyint(1) NOT NULL DEFAULT '0',
  `backendlogin` tinyint(1) NOT NULL DEFAULT '0'
) ENGINE=InnoDB DEFAULT CHARSET=utf8;

--
-- Daten für Tabelle `role`
--

INSERT INTO `role` (`id`, `uri`, `rolename`, `guestbookmanagement`, `usermanagement`, `pagemanagement`, `articlemanagement`, `guestbookusage`, `templateconstruction`, `databasemanagement`, `backendlogin`) VALUES
(1, 'uri.uri', 'Admin', 1, 1, 1, 1, 1, 1, 1, 1),
(2, 'uri.uri', 'Gast', 0, 0, 0, 0, 1, 0, 0, 0),
(3, 'uri.uri', 'Redakteur', 1, 0, 1, 1, 1, 0, 0, 1),
(4, 'uri.uri', 'Designer', 1, 0, 1, 1, 1, 1, 0, 1);

-- --------------------------------------------------------

--
-- Tabellenstruktur für Tabelle `searchphrase`
--

CREATE TABLE `searchphrase` (
  `id` int(11) NOT NULL,
  `searchphrase` varchar(255) NOT NULL
) ENGINE=InnoDB DEFAULT CHARSET=utf8;

--
-- Daten für Tabelle `searchphrase`
--

INSERT INTO `searchphrase` (`id`, `searchphrase`) VALUES
(1, 'Blumen im Garten'),
(5, 'Eis in Spanien'),
(6, 'Fahrrad auf der Straße'),
(11, 'Fasching'),
(8, 'Flasche Wasser'),
(7, 'Gurken und Tomaten'),
(10, 'Ostern'),
(2, 'Pferde auf der Wiese'),
(3, 'Sonne auf der Wiese'),
(9, 'Strand'),
(4, 'Strand in Brasilien');

-- --------------------------------------------------------

--
-- Tabellenstruktur für Tabelle `searchphrase_user`
--

CREATE TABLE `searchphrase_user` (
  `user_id` int(11) NOT NULL,
  `searchphrase_id` int(11) NOT NULL,
  `searchdate` date NOT NULL
) ENGINE=InnoDB DEFAULT CHARSET=utf8;

--
-- Daten für Tabelle `searchphrase_user`
--

INSERT INTO `searchphrase_user` (`user_id`, `searchphrase_id`, `searchdate`) VALUES
(1, 1, '2016-12-19'),
(1, 2, '2016-12-22'),
(1, 5, '2000-03-09'),
(2, 3, '1990-08-15'),
(3, 2, '1998-10-22'),
(4, 10, '1999-01-05'),
(5, 6, '1992-01-05'),
(5, 7, '2016-12-22'),
(9, 7, '2016-12-22');

-- --------------------------------------------------------

--
-- Tabellenstruktur für Tabelle `template`
--

CREATE TABLE `template` (
  `id` int(11) NOT NULL,
  `templatename` varchar(255) NOT NULL,
  `filelink` text NOT NULL
) ENGINE=InnoDB DEFAULT CHARSET=utf8;

-- --------------------------------------------------------

--
-- Tabellenstruktur für Tabelle `user`
--

CREATE TABLE `user` (
  `id` int(11) NOT NULL,
  `role_id` int(11) NOT NULL,
  `lastname` varchar(255) NOT NULL,
  `firstname` varchar(255) NOT NULL,
  `username` varchar(255) NOT NULL,
  `password` varchar(512) NOT NULL,
  `email` varchar(255) NOT NULL,
  `registrydate` date NOT NULL,
  `birthdate` date NOT NULL
) ENGINE=InnoDB DEFAULT CHARSET=utf8;

--
-- Daten für Tabelle `user`
--

INSERT INTO `user` (`id`, `role_id`, `lastname`, `firstname`, `username`, `password`, `email`, `registrydate`, `birthdate`) VALUES
(1, 1, 'Administrator', 'Admin', 'Admin', '$2y$12$U/8OxK8qIAaiqTIn8ZF80.om/G2cNZPy/hT2xxzyhnfPGfC/8OF7K', 'admin@e-mail.de', '2016-12-22', '2000-12-12'),
(2, 2, 'GastNachname', 'GastVorname', 'Gast', '$2y$12$UQW5XTXhO3Bkjm19/cQ3COAOtlynmSHwBld9FAiL9/byCCoiesRmG', 'gast@e-mail.de', '2016-12-22', '1998-12-12'),
(3, 3, 'RedakteurNachname', 'RedakteurVorname', 'Redi-Redi', '$2y$12$7eG.s2Y7jde6xUWR3ZC4Luv82zTB1JdZxlBm2SXp3khqe48K2hHoy', 'Redakteur@e-mail.de', '2016-12-22', '1998-12-25'),
(4, 4, 'DesignerNachname', 'DesignerVorname', 'Designer-Designer', '$2y$12$pvmDb/97JfxuB43GWv2RQe5PnX9to3Y3Pl6MopF8gZ5gHXpCKDoOy', 'Designer@e-mail.de', '2016-12-22', '2000-12-12'),
(5, 4, 'SDesigner', 'Theresa', 'Resi', '$2y$12$NVrLAZJpZiuqZjGKtvGaKezHVXa/YFuecbU8H8AWGaOlLubD9zvzu', 'ABC@FGHI.de', '2016-12-22', '2016-04-11'),
(6, 4, 'ODesigner', 'Cornelia', 'Conny', '$2y$12$gipV0u198gX0vyuURwJ33e9jW0750.oucbOIRNFFRU1ztBaW5qHDe', 'abderfgi@jgkl.de', '2016-12-22', '2016-09-12'),
(7, 3, 'GRedakteur', 'Tamara', 'Tami', '$2y$12$R.2kkb9QldCLr5ij3ERI/e6m7nLKZuOvB21tBP5e9fhTb2DwQB0pm', 'abdfa@wqer.asdf', '2016-12-22', '2016-06-22'),
(8, 3, 'DRedakteur', 'Mirjam', 'M', '$2y$12$LM23WANiZ4/jOB/MWUzDgO1bTQ5hBVfECucMkBh9rviPCvII/QhYO', '23@werwerwer.wie', '2016-12-22', '2015-01-14'),
(9, 4, 'KDesigner', 'Jonas', 'J', '$2y$12$NlG7DYoz60hkXBn/lMRGxeqzI.3XZdhX5HjMHjxI8.ZSEoUtVkPc6', 'iuuoi@wewe.com', '2016-12-22', '2013-08-12'),
(10, 3, 'SRedakteur', 'Dimitrij', 'D', '$2y$12$lc80g1NTHsXJ82JVQaGbXubbjhIyR5Tl79b7.e1WdAlZpnR446.2G', 'wowowow@hohoh.de', '2016-12-22', '2016-12-11');

-- --------------------------------------------------------

--
-- Tabellenstruktur für Tabelle `website`
--

CREATE TABLE `website` (
  `id` int(11) NOT NULL,
  `headertitle` varchar(255) NOT NULL,
  `contact` text,
  `imprint` text,
  `privacyinformation` text,
  `gtc` text,
  `login` int(1) NOT NULL DEFAULT '0',
  `guestbook` tinyint(1) DEFAULT '0',
  `template_id` int(11) NOT NULL
) ENGINE=InnoDB DEFAULT CHARSET=utf8;

--
-- Daten für Tabelle `website`
--

INSERT INTO `website` (`id`, `headertitle`, `contact`, `imprint`, `privacyinformation`, `gtc`, `login`, `guestbook`, `template_id`) VALUES
(1, 'Allerweltsblog', '<h4 align="justify"><font face="Comic Sans MS"><b><u>Kontaktinformationen</u><br></b></font></h4><p align="justify">Amelia Engie Flais<br>engie.flais@newhope.com\r\n<br>8881 Pine Valley<br>Rimworld</p>', NULL, NULL, '<h4 align="justify">AGB\n			</h4><div id="content"><div class="post" id="post-280"><div class="mdl_body"><div class="container"><div class="cms_area common_style"><div class="postentry">\n				<p align="justify">Lorem Ipsum is simply dummy text of the printing and typesetting \nindustry. Lorem Ipsum has been the industry’s standard dummy text ever \nsince the 1500s, when an unknown printer took a galley of type and \nscrambled it to make a type specimen book. It has survived not only five\n centuries, but also the leap into electronic typesetting, remaining \nessentially unchanged. It was popularised in the 1960s with the release \nof Letraset sheets containing Lorem Ipsum passages, and more recently \nwith desktop publishing software like Aldus PageMaker including versions\n of Lorem Ipsum.</p><p align="justify">Lorem Ipsum is simply dummy text of the printing \nand typesetting industry. Lorem Ipsum has been the industry’s standard \ndummy text ever since the 1500s, when an unknown printer took a galley \nof type and scrambled it to make a type specimen book. It has survived \nnot only five centuries, but also the leap into electronic typesetting, \nremaining essentially unchanged. It was popularised in the 1960s with \nthe release of Letraset sheets containing Lorem Ipsum passages, and more\n recently with desktop publishing software like Aldus PageMaker \nincluding versions of Lorem Ipsum.</p>							</div>\n            </div>\n            </div>\n           </div>\n					</div>\n\n\n		\n		\n	</div><h4 align="justify"><font face="Comic Sans MS"><b><u><br></u></b></font></h4>', 0, 0, 11);

--
-- Indizes der exportierten Tabellen
--

--
-- Indizes für die Tabelle `article`
--
ALTER TABLE `article`
  ADD PRIMARY KEY (`id`);

--
-- Indizes für die Tabelle `ban`
--
ALTER TABLE `ban`
  ADD PRIMARY KEY (`id`);

--
-- Indizes für die Tabelle `ban_reason`
--
ALTER TABLE `ban_reason`
  ADD PRIMARY KEY (`id`);

--
-- Indizes für die Tabelle `label`
--
ALTER TABLE `label`
  ADD PRIMARY KEY (`id`);

--
-- Indizes für die Tabelle `label_article`
--
ALTER TABLE `label_article`
  ADD UNIQUE KEY `tag_id` (`label_id`,`article_id`),
  ADD KEY `article_id` (`article_id`);

--
-- Indizes für die Tabelle `label_user`
--
ALTER TABLE `label_user`
  ADD UNIQUE KEY `tag_id` (`label_id`,`user_id`),
  ADD KEY `user_id` (`user_id`);

--
-- Indizes für die Tabelle `logtable`
--
ALTER TABLE `logtable`
  ADD PRIMARY KEY (`id`);

--
-- Indizes für die Tabelle `page`
--
ALTER TABLE `page`
  ADD PRIMARY KEY (`id`),
  ADD UNIQUE KEY `title` (`title`),
  ADD KEY `website_id` (`website_id`);

--
-- Indizes für die Tabelle `role`
--
ALTER TABLE `role`
  ADD PRIMARY KEY (`id`),
  ADD UNIQUE KEY `rolename` (`rolename`);

--
-- Indizes für die Tabelle `searchphrase`
--
ALTER TABLE `searchphrase`
  ADD PRIMARY KEY (`id`),
  ADD UNIQUE KEY `searchphrase` (`searchphrase`);

--
-- Indizes für die Tabelle `searchphrase_user`
--
ALTER TABLE `searchphrase_user`
  ADD UNIQUE KEY `user_id` (`user_id`,`searchphrase_id`),
  ADD KEY `searchphrase_id` (`searchphrase_id`);

--
-- Indizes für die Tabelle `template`
--
ALTER TABLE `template`
  ADD PRIMARY KEY (`id`),
  ADD UNIQUE KEY `templatename` (`templatename`);

--
-- Indizes für die Tabelle `user`
--
ALTER TABLE `user`
  ADD PRIMARY KEY (`id`),
  ADD UNIQUE KEY `username` (`username`,`email`),
  ADD KEY `user_idx_id` (`id`),
  ADD KEY `user_idx_username` (`username`);

--
-- Indizes für die Tabelle `website`
--
ALTER TABLE `website`
  ADD PRIMARY KEY (`id`),
  ADD UNIQUE KEY `headertitle` (`headertitle`);

--
-- AUTO_INCREMENT für exportierte Tabellen
--

--
-- AUTO_INCREMENT für Tabelle `article`
--
ALTER TABLE `article`
  MODIFY `id` int(11) NOT NULL AUTO_INCREMENT, AUTO_INCREMENT=18;
--
-- AUTO_INCREMENT für Tabelle `ban`
--
ALTER TABLE `ban`
  MODIFY `id` int(11) NOT NULL AUTO_INCREMENT, AUTO_INCREMENT=11;
--
-- AUTO_INCREMENT für Tabelle `ban_reason`
--
ALTER TABLE `ban_reason`
  MODIFY `id` int(11) NOT NULL AUTO_INCREMENT, AUTO_INCREMENT=7;
--
-- AUTO_INCREMENT für Tabelle `label`
--
ALTER TABLE `label`
  MODIFY `id` int(11) NOT NULL AUTO_INCREMENT, AUTO_INCREMENT=21;
--
-- AUTO_INCREMENT für Tabelle `logtable`
--
ALTER TABLE `logtable`
  MODIFY `id` int(11) NOT NULL AUTO_INCREMENT, AUTO_INCREMENT=42;
--
-- AUTO_INCREMENT für Tabelle `page`
--
ALTER TABLE `page`
  MODIFY `id` int(11) NOT NULL AUTO_INCREMENT, AUTO_INCREMENT=12;
--
-- AUTO_INCREMENT für Tabelle `role`
--
ALTER TABLE `role`
  MODIFY `id` int(11) NOT NULL AUTO_INCREMENT, AUTO_INCREMENT=5;
--
-- AUTO_INCREMENT für Tabelle `searchphrase`
--
ALTER TABLE `searchphrase`
  MODIFY `id` int(11) NOT NULL AUTO_INCREMENT, AUTO_INCREMENT=12;
--
-- AUTO_INCREMENT für Tabelle `template`
--
ALTER TABLE `template`
  MODIFY `id` int(11) NOT NULL AUTO_INCREMENT, AUTO_INCREMENT=14;
--
-- AUTO_INCREMENT für Tabelle `user`
--
ALTER TABLE `user`
  MODIFY `id` int(11) NOT NULL AUTO_INCREMENT, AUTO_INCREMENT=16;
--
-- AUTO_INCREMENT für Tabelle `website`
--
ALTER TABLE `website`
  MODIFY `id` int(11) NOT NULL AUTO_INCREMENT, AUTO_INCREMENT=2;
--
-- Constraints der exportierten Tabellen
--

--
-- Constraints der Tabelle `label_article`
--
ALTER TABLE `label_article`
  ADD CONSTRAINT `label_article_ibfk_1` FOREIGN KEY (`label_id`) REFERENCES `label` (`id`) ON DELETE CASCADE ON UPDATE CASCADE,
  ADD CONSTRAINT `label_article_ibfk_2` FOREIGN KEY (`article_id`) REFERENCES `article` (`id`) ON DELETE CASCADE ON UPDATE CASCADE;

--
-- Constraints der Tabelle `label_user`
--
ALTER TABLE `label_user`
  ADD CONSTRAINT `label_user_ibfk_1` FOREIGN KEY (`label_id`) REFERENCES `label` (`id`) ON DELETE CASCADE ON UPDATE CASCADE,
  ADD CONSTRAINT `label_user_ibfk_2` FOREIGN KEY (`user_id`) REFERENCES `user` (`id`) ON DELETE CASCADE ON UPDATE CASCADE;

--
-- Constraints der Tabelle `searchphrase_user`
--
ALTER TABLE `searchphrase_user`
  ADD CONSTRAINT `searchphrase_user_ibfk_1` FOREIGN KEY (`user_id`) REFERENCES `user` (`id`) ON DELETE CASCADE ON UPDATE CASCADE,
  ADD CONSTRAINT `searchphrase_user_ibfk_2` FOREIGN KEY (`searchphrase_id`) REFERENCES `searchphrase` (`id`) ON DELETE CASCADE ON UPDATE CASCADE;

/*!40101 SET CHARACTER_SET_CLIENT=@OLD_CHARACTER_SET_CLIENT */;
/*!40101 SET CHARACTER_SET_RESULTS=@OLD_CHARACTER_SET_RESULTS */;
/*!40101 SET COLLATION_CONNECTION=@OLD_COLLATION_CONNECTION */;
